id,first_name,last_name,email,gender,ip_address,date,car,car_vin,car_year
1,Nancy,Elderkin,nelderkin0@cdbaby.com,Genderfluid,,2022/04/15,,1FTMF1E85AK882595,
2,Debbie,Float,,Genderqueer,37.41.89.245,2018/04/29,,3D7TP2CT1BG147233,2007
3,Ara,Shorton,ashorton2@bloglines.com,Agender,62.97.216.244,2005/05/22,645,1J4PN2GK7AW575420,2004
4,Hugues,Lovitt,hlovitt3@illinois.edu,Male,149.157.179.255,2003/10/09,,WBA3A9C5XCF342379,1990
5,Camel,O'Mullaney,comullaney4@amazon.co.uk,Female,117.160.42.72,2007/03/04,,1G6DP5E32D0583211,1992
6,Jolie,Deaves,jdeaves5@netlog.com,Polygender,9.12.189.41,2007/12/17,Sable,WAUFFAFL0AN303376,1987
7,Vanda,Peakman,vpeakman6@tuttocitta.it,Female,80.83.4.49,2020/09/15,,WAUBF78E57A492669,
8,Gaston,Marshman,gmarshman7@odnoklassniki.ru,Male,131.28.46.231,2020/11/01,Ram Van 1500,3D7TT2HT0AG341853,2002
9,Agace,Bartolomeu,abartolomeu8@drupal.org,Polygender,82.125.252.45,2012/10/30,Civic,3D4PG1FG2BT622807,2001
10,Emilie,Passy,epassy9@google.com.au,Genderfluid,146.40.191.240,2008/04/06,Venza,19UYA42581A044762,2009
11,Tripp,Patria,tpatriaa@oakley.com,Male,49.184.148.114,2005/07/03,Grand Marquis,WBASP2C50DC361513,2008
12,Obed,Deadman,odeadmanb@economist.com,Male,75.215.166.64,2023/01/06,928,WBAFR9C59BD523442,1990
13,Ernesto,Pepperell,epepperellc@simplemachines.org,Male,,2009/01/26,Cayman,JM1GJ1T63E1690989,2010
14,Ludwig,Kalewe,lkalewed@shop-pro.jp,Male,237.165.32.68,2015/09/12,Tundra,JHMFA3F25AS629677,2010
15,Elmore,Skyner,eskynere@springer.com,Genderqueer,58.5.17.198,2021/09/29,Cobalt SS,19XFB4F38EE932412,2008
16,Marcus,Sampey,msampeyf@sciencedaily.com,Male,205.151.209.228,2009/12/08,Impreza,WAUML64B24N671490,
17,Janessa,Cove,jcoveg@examiner.com,Female,,2010/06/12,,1FAHP3DN7AW568739,2009
18,Cybill,Jepps,cjeppsh@instagram.com,Female,186.175.233.202,2016/08/18,,WAULC58EX4A042819,1993
19,Iggy,Evemy,ievemyi@cocolog-nifty.com,Male,,2022/12/19,,WBASN4C55BC132159,2010
20,Sofie,Aubin,saubinj@nba.com,Female,146.2.132.81,2004/08/28,,JTHFE2C28B2878348,1996
21,Wilma,Freegard,wfreegardk@blogtalkradio.com,Female,249.93.20.134,2016/01/11,,WA1LFAFP8CA570892,2002
22,Henka,Houlridge,hhoulridgel@thetimes.co.uk,Female,251.216.209.161,2007/09/18,B-Series,3GYT4NEF1DG487054,2008
23,Forrester,Pitblado,,Male,,2012/04/26,,JTEBU5JR2B5834277,1995
24,Dalli,de Clerc,ddeclercn@shutterfly.com,Male,,2018/04/05,Grand Cherokee,YV4902DZ8B2603620,
25,Merrily,Beresford,mberesfordo@kickstarter.com,Female,84.87.191.252,2017/10/25,Ram Van 3500,YV4952BZ7E1603722,1995
26,Tam,Francesch,tfranceschp@nature.com,Male,41.48.212.6,2010/01/26,xB,JH4DC53814S443516,
27,Elsworth,Field,efieldq@oakley.com,Agender,198.24.138.71,2021/10/03,R-Class,JN8AF5MR3CT284711,
28,Jami,Vassman,jvassmanr@rakuten.co.jp,Female,2.59.242.59,2015/02/19,CR-X,SCFAD01A05G755391,
29,Emery,Sprull,esprulls@addtoany.com,Male,,2023/07/12,62,5FRYD3H93GB183352,2007
30,Sybyl,Stonman,sstonmant@hugedomains.com,Female,155.36.15.94,2021/04/27,,JM3TB2BV5D0567667,2000
31,Tomaso,Follit,tfollitu@cbslocal.com,Male,143.245.86.72,2013/01/01,Lancer Evolution,JN8AS5MT5FW075447,
32,Anastasia,Filliskirk,afilliskirkv@walmart.com,Female,253.31.55.88,2014/09/03,,SCBLE37G23C859731,
33,Ariadne,Skeermor,askeermorw@mashable.com,Agender,174.170.220.209,2016/12/04,,1GD21XEG8FZ859647,1988
34,Caroljean,Holbie,cholbiex@etsy.com,Female,135.216.92.208,2011/07/28,Sigma,WAULC58E25A135531,1990
35,Stanford,Royal,sroyaly@wikipedia.org,Male,,2023/01/26,612 Scaglietti,1G6DM8EV5A0443886,2009
36,Albina,Driver,adriverz@elegantthemes.com,Female,43.19.83.191,2008/08/25,Grand Prix,W04G15GV8B1873030,1974
37,Robinetta,Smieton,,Female,66.6.67.49,2013/03/30,Cirrus,WAUSF78K99N859624,2000
38,Virgie,Ramiro,vramiro11@uol.com.br,Male,238.234.229.240,2018/02/01,Escort,1FMJK1F52DE066753,1986
39,Bendicty,Brenton,bbrenton12@mozilla.com,Male,24.30.92.205,2004/01/07,Scirocco,WP1AA2A20CL347520,1986
40,Reggy,Nabbs,rnabbs13@amazon.de,Male,,2022/11/18,,WVWAN7AN4EE970758,2006
41,Dolf,Hercules,dhercules14@constantcontact.com,Male,133.37.193.187,2020/01/30,,1C6RD7FP0CS227018,2011
42,Barron,Scedall,bscedall15@salon.com,Male,180.241.47.106,2013/11/13,,WAUVT58E25A455196,2003
43,Charlene,Devers,cdevers16@youtu.be,Female,6.225.175.5,2017/03/20,M-Class,JN1AZ4EH7CM139381,2005
44,Christoper,Hawkings,chawkings17@topsy.com,Male,81.51.63.26,2023/01/27,Genesis Coupe,3C63DPKLXCG589552,2013
45,Nani,Dennant,,Female,54.199.38.73,2011/12/02,Eclipse,3C4PDDEG4CT996507,2012
46,Enrichetta,Ricciardelli,ericciardelli19@topsy.com,Female,113.94.239.196,2020/10/27,Quest,1VWAH7A3XDC206720,2012
47,Maximilianus,Lannen,mlannen1a@npr.org,Male,,2021/10/23,Suburban 2500,4A31K2DF3BE800951,2004
48,Amara,Popham,apopham1b@squidoo.com,Female,121.53.178.175,2009/12/28,280ZX,1G6DC67A890595433,
49,Carmelina,Grundle,cgrundle1c@wired.com,Female,155.114.130.242,2016/05/12,Vigor,1C3CDFDH2FD600898,1994
50,Granthem,Heningam,gheningam1d@washington.edu,Male,131.78.85.3,2003/01/25,Land Cruiser,SCBDP3ZA8AC826074,
51,Kata,Janik,kjanik1e@usa.gov,Female,190.108.111.168,2007/03/18,Navigator,JTJHY7AX9B4951046,2012
52,Rorie,Farenden,rfarenden1f@loc.gov,Female,,2012/04/25,,WAUEH78E28A304862,
53,Park,Sprott,psprott1g@bandcamp.com,Non-binary,244.237.26.2,2021/10/15,,WA1VMAFE3CD079819,2004
54,Gerard,Tonks,gtonks1h@elegantthemes.com,Male,,2014/11/27,M,1GYFK468X8R353744,2006
55,Max,Garnul,mgarnul1i@mail.ru,Male,201.72.232.17,2021/09/27,Sentra,JH4DC54892C504813,2011
56,Hermie,Blankau,hblankau1j@ucoz.ru,Male,1.243.138.15,2003/02/23,Legend,1GD21XEG5FZ340944,1988
57,Leonid,Lamborne,llamborne1k@unicef.org,Male,9.176.193.32,2010/01/08,TrailBlazer,WAUUL98E96A190216,
58,Hedi,Gocke,hgocke1l@wisc.edu,Female,47.212.149.24,2010/07/09,,1D4RD3GG9BC268808,2008
59,Allistir,Paxton,apaxton1m@europa.eu,Male,56.185.132.172,2020/08/30,Town & Country,1GKS1AE05ER674852,
60,Roseline,Edelmann,redelmann1n@amazon.co.uk,Female,,2017/09/28,,WA1LGAFE4ED578534,1995
61,Forester,Scougall,fscougall1o@weibo.com,Male,108.75.50.185,2007/10/01,,SCBBR93W27C417439,1996
62,Euphemia,Judron,ejudron1p@parallels.com,Female,75.83.255.160,2009/09/02,,1D7RE5GK0BS507054,2002
63,Penelope,Laurenzi,plaurenzi1q@springer.com,Female,124.231.56.36,2007/07/07,,1GYS4JKJ7FR991009,
64,Germain,Condict,gcondict1r@liveinternet.ru,Bigender,120.172.176.45,2015/12/14,XT,5XYKT3A12BG697807,1989
65,Eleanora,Dooly,edooly1s@boston.com,Female,196.186.113.237,2007/04/10,GTO,4T1BF1FK5EU426574,1970
66,Chryste,Carneck,ccarneck1t@chron.com,Non-binary,236.237.111.7,2013/01/22,,3D7JB1ET1BG866883,1991
67,Aubrette,Selbach,aselbach1u@canalblog.com,Female,163.9.53.254,2011/11/22,,WVWAA7AJ9CW570257,1992
68,Mira,Rosenfelt,mrosenfelt1v@dedecms.com,Female,,2008/03/03,,3C6JD6CT4CG096708,1999
69,Skelly,Kowalski,skowalski1w@goodreads.com,Male,165.65.68.185,2009/10/25,MPV,WAUDV74F37N206935,2001
70,Karel,Teenan,kteenan1x@bloomberg.com,Male,,2014/10/19,Taurus,4T1BD1EB7DU703246,2007
71,Brandi,Sommerlin,bsommerlin1y@mayoclinic.com,Female,,2020/05/11,S60,WAUGN74F47N832345,2013
72,Marthena,Jewitt,mjewitt1z@symantec.com,Female,53.240.163.30,2023/03/12,,WAUAFAFL5CA444657,
73,Flint,Raysdale,fraysdale20@state.gov,Male,,2017/02/11,SLS-Class,WAUVFAFR9BA696433,2011
74,Lukas,Wallbrook,lwallbrook21@telegraph.co.uk,Male,198.196.254.90,2004/03/29,,WAUAH74F96N429442,1999
75,Julianna,Ludee,jludee22@google.com.au,Female,,2005/11/01,Titan,JH4DC54883C475371,
76,Sharleen,Piggins,spiggins23@adobe.com,Female,217.115.141.173,2010/10/11,Civic Si,4A4AP3AU9DE792413,2003
77,Pierette,Coan,pcoan24@sohu.com,Female,,2012/06/06,,WDCYC3HF2EX246965,
78,Demetri,Broadwell,dbroadwell25@g.co,Male,252.225.25.188,2014/02/07,Yukon XL 1500,1GYFC33269R003018,
79,Annabelle,Lothean,alothean26@wikispaces.com,Female,37.101.158.50,2010/06/13,,1N4AL3AP9DC700148,1991
80,Garland,Elvidge,gelvidge27@abc.net.au,Female,45.42.124.54,2013/08/10,Liberty,3GYEK62N14G776340,2011
81,Ad,Nuth,anuth28@dailymotion.com,Male,,2010/10/07,Malibu,WBANW1C55AC112274,2006
82,Helene,Walling,hwalling29@123-reg.co.uk,Genderfluid,85.89.196.87,2017/07/15,,2G4WB55K441678056,
83,Kaitlyn,Gegay,kgegay2a@desdev.cn,Female,167.155.43.103,2021/11/06,,WBAVB135X6P387411,1993
84,Caresa,McBain,cmcbain2b@hubpages.com,Female,,2017/02/23,F-Series Super Duty,19UUB3F50FA511390,2009
85,Ted,Stivers,tstivers2c@nps.gov,Male,216.225.249.221,2004/03/23,GTI,JTDKDTB35C1206581,
86,Miltie,Goudard,,Polygender,235.46.57.220,2006/02/09,S-Series,2G4GT5GV9D9549854,1998
87,Jeffry,Tuckley,jtuckley2e@google.ca,Male,148.232.239.47,2005/01/04,,2FMDK3JC2AB947538,2006
88,Ben,Atrill,batrill2f@a8.net,Male,70.162.254.45,2006/06/19,,1G4HH5E97AU278383,2002
89,Herbie,Dodman,hdodman2g@nba.com,Male,,2022/10/11,Malibu,TRUWT28N031743386,2011
90,Pasquale,Lothean,plothean2h@friendfeed.com,Male,1.23.252.223,2011/11/08,,4A31K2DF0BE808831,1998
91,Frazer,Fanning,ffanning2i@wsj.com,Male,29.225.101.152,2011/09/04,S60,WBA3B3G5XFN791351,
92,Raff,Laudham,rlaudham2j@taobao.com,Male,77.107.209.47,2014/09/18,Regal,5N1AR1NB3BC704233,1992
93,Arthur,Vondrach,avondrach2k@lulu.com,Male,,2007/08/31,Q5,5TFBY5F17CX914787,2012
94,Wallace,Duplan,wduplan2l@cam.ac.uk,Male,65.180.40.86,2022/02/26,,WAUVT68E15A630267,2010
95,Celesta,Lowton,clowton2m@trellian.com,Female,224.188.18.245,2013/12/18,GX,5GAKVCED3BJ563419,2003
96,Cosette,Goodbairn,cgoodbairn2n@accuweather.com,Female,217.164.244.253,2016/09/18,Leganza,JTHBW1GGXE1713598,2001
97,Dallas,Rizzardi,drizzardi2o@de.vu,Female,,2015/09/02,Tacoma Xtra,WA1BY94L68D531776,2000
98,Caryl,Codling,ccodling2p@gravatar.com,Male,142.146.6.200,2018/02/14,,3C4PDCGB5FT298505,
99,Ragnar,Rack,rrack2q@cisco.com,Male,116.58.136.132,2009/04/11,,1G4GG5G38DF167504,2011
100,Cecile,Poundesford,cpoundesford2r@virginia.edu,Female,,2023/08/06,,WAUKG78E16A717231,2011
101,Yoko,Havick,yhavick2s@gov.uk,Female,222.83.220.99,2022/05/06,E250,4JGDA2EB7CA367945,2004
102,Elnar,Drivers,edrivers2t@networksolutions.com,Genderqueer,234.222.60.175,2023/02/04,Wrangler,WP0AB2A96FS281256,1993
103,Rufus,Chiommienti,rchiommienti2u@plala.or.jp,Male,90.3.166.58,2020/12/15,Frontier,2FMGK5B81FB249349,2004
104,Marshal,Collishaw,mcollishaw2v@surveymonkey.com,Male,,2016/12/11,Acclaim,WA1CYBFEXAD511773,1995
105,Whitby,Swatridge,wswatridge2w@blogs.com,Male,11.184.244.222,2010/07/08,,WAUBH54B71N507067,2007
106,Spenser,Coppin,scoppin2x@de.vu,Male,44.3.1.252,2021/04/05,,3MZBM1L7XEM128842,2007
107,Zilvia,Jeandot,zjeandot2y@nbcnews.com,Female,120.104.180.58,2011/05/03,,WBAEU33414P870599,1999
108,Mycah,Bucknall,mbucknall2z@archive.org,Male,203.172.19.49,2008/05/29,,1G6KF54933U602825,1966
109,Buiron,Peschke,bpeschke30@boston.com,Male,,2012/12/17,,4T1BK3DB0CU921076,2012
110,Christopher,Moss,cmoss31@xing.com,Male,46.157.198.211,2018/04/21,Lumina,SAJWA0FS2FP960485,
111,Charles,Olley,colley32@moonfruit.com,Male,218.44.145.139,2017/06/01,Grand Am,WAUBH78E26A648353,2000
112,Abby,Shorten,ashorten33@theatlantic.com,Male,86.205.37.71,2016/09/26,,2G61T5S31D9892192,1995
113,Robinetta,Cockshot,rcockshot34@gnu.org,Female,,2014/09/11,,SCFFDCCD8CG515923,2004
114,Marcel,Allardyce,mallardyce35@deviantart.com,Male,62.33.7.106,2007/06/29,F250,JTDBT4K32A1846432,2009
115,Olia,Wolverson,owolverson36@home.pl,Female,220.207.116.240,2015/12/23,Freelander,WDCYC3HF0AX187408,2002
116,Berti,Elfitt,,Female,,2006/08/12,Jetta,2G4WC562951070224,2000
117,Vida,Stappard,vstappard38@skyrock.com,Female,121.175.64.193,2003/07/27,Durango,1G6DE5EG8A0550606,2009
118,Tan,Turneux,tturneux39@shutterfly.com,Male,109.159.225.233,2008/12/19,SLK-Class,ZFBCFACHXFZ046235,2012
119,Eolande,Lambrick,elambrick3a@dell.com,Bigender,102.161.27.250,2020/09/27,,JA32U2FU2FU320911,2003
120,Palm,Sinkin,psinkin3b@umich.edu,Male,209.155.79.229,2007/05/05,,3VWML7AJ2BM503809,1997
121,Desdemona,Sturge,dsturge3c@nifty.com,Female,10.229.231.47,2014/02/22,Mazda5,1GTN1UEH2EZ822360,2009
122,Eugine,Georgeau,egeorgeau3d@google.co.uk,Female,,2023/08/30,M3,JTDKDTB3XD1336034,2003
123,Olenolin,Kilbride,okilbride3e@accuweather.com,Male,196.197.163.204,2022/03/21,,5TFBW5F11CX504296,1990
124,Creight,Colerick,ccolerick3f@amazon.de,Male,167.90.253.156,2014/03/13,Corvette,1G4HR54K044911263,
125,Ulrikaumeko,Gurling,ugurling3g@jalbum.net,Female,85.244.232.243,2005/10/23,,WAUBGAFB0AN229346,1991
126,Delaney,Patrono,dpatrono3h@foxnews.com,Male,240.18.143.135,2008/06/27,LeMans,JTDKTUD31ED443785,1968
127,Cherilyn,Ciccarello,cciccarello3i@sfgate.com,Female,,2015/10/30,F150,2C4RDGEG3ER471812,2002
128,Shir,Matchett,smatchett3j@fastcompany.com,Female,200.148.38.181,2016/05/30,,1G6DX6ED1B0010800,1986
129,Lazaro,Burchatt,,Polygender,,2006/08/27,,WDDEJ7EB8DA554477,2005
130,Brittni,Dyball,,Female,,2003/09/24,Pilot,2C3CDYBT2DH736161,2004
131,Annabal,Vedyashkin,avedyashkin3m@canalblog.com,Female,,2009/10/14,Montana,WBASN2C52AC763017,2004
132,Perren,Frisch,pfrisch3n@adobe.com,Polygender,226.101.27.184,2017/05/31,,WBAFZ9C59DD282002,2010
133,Micah,Bangley,mbangley3o@whitehouse.gov,Male,,2021/09/27,Tracker,SCFFBCBD2AG771995,1993
134,Had,Romney,hromney3p@ycombinator.com,Agender,114.171.191.20,2013/02/08,Rodeo,WBADX7C5XDE323300,1992
135,Casper,Rossi,crossi3q@canalblog.com,Male,65.204.99.185,2015/03/13,,WAUBFBFL5AN477030,1999
136,Loraine,Jacqueminet,ljacqueminet3r@prnewswire.com,Female,117.58.228.154,2008/12/05,Discovery,2B3CA4CD4AH512665,1996
137,Rhianna,Athey,rathey3s@geocities.jp,Female,113.188.247.35,2005/11/27,Ram Wagon B250,WBABW33445P412148,1993
138,Clevie,Stebbin,cstebbin3t@reuters.com,Male,50.220.40.55,2011/07/28,,SCBLE37G85C270721,2004
139,Karim,Heinish,kheinish3u@miibeian.gov.cn,Male,,2006/05/27,,WBAEP33493P935169,2003
140,Ceil,Kermeen,ckermeen3v@imgur.com,Female,177.158.44.193,2016/03/17,,3C6LD5BT5CG900874,1992
141,Bart,Luxford,bluxford3w@odnoklassniki.ru,Male,232.166.187.61,2009/01/29,Express 1500,1N6AA0CA8DN160140,2005
142,Lucho,Giannoni,,Male,254.9.252.67,2011/07/31,,JM1NC2EF1A0864000,2003
143,Leda,Lambotin,,Female,,2023/05/22,Jetta,2G4GZ5GV0B9337596,2004
144,Myles,Dossettor,mdossettor3z@ustream.tv,Male,,2021/12/18,Skylark,JN8AE2KP1E9711922,1994
145,Susi,Dimmne,sdimmne40@livejournal.com,Polygender,95.138.179.134,2006/12/16,,KMHHT6KD0EU568919,1994
146,Nobie,Treuge,ntreuge41@businesswire.com,Non-binary,,2013/06/13,Mustang,WA1MMBFE1AD582358,
147,Myrtia,Cradoc,mcradoc42@sohu.com,Female,76.143.82.99,2009/05/01,,2B3CA4CD2AH245364,1998
148,Mollee,Bertram,mbertram43@ask.com,Female,76.31.1.2,2015/01/02,Hombre,JN8AS5MT2DW032360,1996
149,Barde,Brea,bbrea44@oakley.com,Male,106.160.193.206,2015/07/27,Thunderbird,WBA3T3C50EJ927088,1958
150,Tiffany,Cansfield,tcansfield45@nationalgeographic.com,Female,242.220.166.149,2004/05/13,,WBA6B2C54DD119639,2001
151,Orsola,Lafranconi,olafranconi46@shareasale.com,Female,230.123.234.125,2005/03/28,,1FTEW1CW1AF023468,2005
152,Royal,Barry,rbarry47@umich.edu,Male,245.253.234.251,2008/06/05,Mazda6,1G6YV36A985477615,
153,Cody,Oxberry,coxberry48@imdb.com,Female,55.121.80.90,2014/12/19,7 Series,JN1AY1AP0DM655906,
154,Meredeth,Andriesse,mandriesse49@umich.edu,Male,186.51.150.168,2003/11/29,,WBSBL93476P125041,1994
155,Dorise,Degoey,ddegoey4a@bravesites.com,Female,,2020/05/07,,4F2CY0C77BK082508,
156,Marlane,Reichert,mreichert4b@google.com.hk,Female,120.201.252.136,2009/01/11,Sephia,WBAUT9C58CA366594,1998
157,Amery,Camsey,acamsey4c@mlb.com,Male,190.24.188.159,2007/06/23,,1FTEW1CF1FF620661,2001
158,Selina,Stote,sstote4d@squarespace.com,Female,125.150.248.103,2003/07/06,,2FMDK3AK6DB236727,2005
159,Salvidor,Baniard,sbaniard4e@ibm.com,Male,,2020/05/23,CX-7,5GAKRBED3CJ552601,2010
160,Mendel,Kures,mkures4f@theatlantic.com,Male,,2018/06/10,Prelude,1N6AF0KY0FN872449,1992
161,Verne,McKaile,vmckaile4g@shareasale.com,Male,24.78.255.239,2014/01/15,Optima,WAUFEAFM4CA550843,2001
162,Diego,Langstaff,dlangstaff4h@hexun.com,Male,39.205.232.247,2022/12/14,Santa Fe,1FMJK1J55AE275794,
163,Esther,Rosberg,erosberg4i@taobao.com,Female,,2004/09/27,Allroad,5N1AR2MM2FC619737,2004
164,Carolan,Eustice,ceustice4j@yelp.com,Female,42.106.111.93,2007/12/10,Dakota Club,JH4CU4F61DC924289,2000
165,Forest,Shepley,fshepley4k@google.ru,Male,69.0.57.213,2023/01/02,,1ZVBP8AM7D5492259,1997
166,Alfy,Haggidon,ahaggidon4l@state.tx.us,Male,147.95.211.67,2011/05/19,,JH4KB2F69CC786182,
167,Serene,Piggford,spiggford4m@toplist.cz,Female,68.192.3.233,2022/09/15,,WBAUU3C56CA276421,2004
168,Frayda,Taill,ftaill4n@acquirethisname.com,Agender,118.188.15.99,2017/06/17,LaCrosse,1G6AA1RX2F0865412,2005
169,Jehu,Langcaster,,Male,227.223.226.68,2004/07/30,Grand Marquis,KM8NU4CC2AU471371,1988
170,Zebedee,Luddy,zluddy4p@joomla.org,Male,,2015/01/28,F150,WBAVL1C58FV189399,2004
171,Yardley,Lammiman,ylammiman4q@oaic.gov.au,Male,196.177.147.157,2007/10/15,Sorento,5UXFA93566L197555,2003
172,Broderick,Elbourne,belbourne4r@paypal.com,Male,79.145.130.34,2011/12/13,Hombre Space,1GYFC56259R342490,1999
173,Kania,Sergeant,ksergeant4s@lulu.com,Female,227.45.164.107,2003/06/08,,WBABD53436P586439,2007
174,Angie,Ife,aife4t@prnewswire.com,Male,132.191.128.153,2021/10/09,Mazda6,3C6LD5AT6CG435734,2004
175,Prince,Philippe,pphilippe4u@patch.com,Male,,2007/12/11,RX,19VDE3F35EE060708,2008
176,Dougy,Lundbech,dlundbech4v@google.it,Male,13.253.172.238,2007/06/30,Grand Cherokee,1GYFK23299R354518,2006
177,Madge,Fee,mfee4w@exblog.jp,Female,9.80.29.64,2013/01/30,T100 Xtra,1G6DH8EY8B0819478,1998
178,Glenn,Queen,,Male,14.44.64.18,2016/03/26,,3C4PDDGG0FT160341,2011
179,Ralph,Eastway,reastway4y@indiatimes.com,Male,211.22.200.249,2018/05/12,Grand Marquis,2HNYD18764H399765,1989
180,Abner,Maplestone,amaplestone4z@dyndns.org,Male,114.7.225.76,2015/12/10,,WUARL48H07K783189,1989
181,Karim,Ciottoi,kciottoi50@wordpress.com,Male,225.150.101.177,2009/12/10,Venture,KL4CJESBXEB063540,1998
182,Caren,Paolucci,cpaolucci51@psu.edu,Female,,2007/12/21,Ram Van 1500,WA1LGAFE2CD044879,2001
183,Abbey,Criag,acriag52@hhs.gov,Male,87.67.91.252,2006/06/17,,WAUBF78E56A743463,2001
184,Braden,Gundrey,bgundrey53@mail.ru,Male,164.118.112.223,2021/06/06,RX-7,JN8AF5MV9FT355881,1994
185,Dave,Doyle,ddoyle54@weibo.com,Male,,2014/03/22,Town Car,1GT01ZCG7EF180480,2009
186,Nels,Rampton,nrampton55@nytimes.com,Male,174.239.235.76,2018/08/18,New Beetle,WVGEF9BP6FD403691,2001
187,Murdock,Swanwick,mswanwick56@flavors.me,Agender,232.36.61.239,2017/08/22,Cooper,JHMFA3F28AS376709,2011
188,Corey,Vernazza,cvernazza57@1und1.de,Female,,2010/05/17,,WAUVVAFR7BA169087,2007
189,Colene,Leeburn,cleeburn58@mysql.com,Female,24.97.165.42,2020/12/08,Miata MX-5,WBALZ3C50CC550522,2000
190,Doy,Maruszewski,dmaruszewski59@dell.com,Non-binary,113.139.245.123,2006/03/23,ES,1G6AM5S36E0950984,2005
191,Crissie,Loy,cloy5a@wisc.edu,Female,137.17.27.190,2018/07/13,Monte Carlo,19UUA66295A178325,2007
192,Lazaro,Skelly,lskelly5b@ustream.tv,Male,,2007/03/15,,KNADH4A31A6610978,2006
193,Selle,Romanski,sromanski5c@msn.com,Female,104.186.153.60,2023/05/01,,1FM5K7B83DG992300,1993
194,Ivory,Wooster,iwooster5d@jigsy.com,Genderfluid,,2015/12/30,,SCBDR33W49C649890,
195,Heywood,Wisson,hwisson5e@devhub.com,Male,43.62.221.99,2009/06/15,Miata MX-5,WA1YD64B85N692440,2002
196,Aguste,Falla,afalla5f@jalbum.net,Male,209.238.79.124,2007/11/29,Xtra,WBACN33491L770841,1993
197,Berkly,Culley,bculley5g@google.pl,Male,,2018/06/21,Phantom,WAUGFAFC5DN380706,2011
198,Violetta,Mateuszczyk,vmateuszczyk5h@mozilla.org,Female,151.28.128.23,2015/08/02,,WVWAB7AJ2CW849482,1992
199,Ambrosius,Bellelli,abellelli5i@mozilla.com,Male,24.2.139.143,2013/04/15,,JN1EY1AP3DM532943,2001
200,Oran,Knivett,oknivett5j@patch.com,Male,79.38.216.233,2018/05/10,Silverado 1500,WBAPM7C58AE569795,2009
201,Killy,O'Henery,,Male,118.20.216.66,2009/01/08,,WBAVA33558F651318,2008
202,Riley,Fewless,rfewless5l@mapquest.com,Male,162.165.162.159,2012/12/29,,JTDKN3DU9B0484987,2004
203,Leonardo,Redd,lredd5m@census.gov,Male,132.15.247.32,2003/03/16,,4A31K5DF7CE873887,1991
204,Crissy,Dwane,cdwane5n@scribd.com,Genderqueer,9.232.248.197,2021/05/10,Firebird,SALAG2D41AA326581,2001
205,Valentina,Dorbin,vdorbin5o@dmoz.org,Female,,2016/08/23,,19XFA1F37AE707670,2000
206,Asa,MacCaughen,amaccaughen5p@huffingtonpost.com,Male,57.1.38.161,2023/03/05,Suburban 1500,WAUVC58E13A561281,1993
207,Joete,Attiwill,jattiwill5q@about.me,Female,72.219.97.20,2011/07/30,S60,JN1AZ4FH6FM116967,2010
208,Porty,Poley,ppoley5r@macromedia.com,Male,91.28.27.24,2015/10/22,J,KMHFH4JG3FA919348,1993
209,Guthrie,MacKaig,gmackaig5s@bloglovin.com,Male,102.40.4.241,2020/01/16,Probe,1GKS2FFJXBR980331,1997
210,Mattheus,Skone,mskone5t@uiuc.edu,Male,164.255.233.213,2003/03/28,C8 Double 12 S,1G6DK1E39C0709814,2006
211,Marlyn,Bearham,mbearham5u@odnoklassniki.ru,Bigender,154.191.37.246,2017/04/02,,3VWML7AJ1EM095274,1990
212,Cecil,Kolakowski,ckolakowski5v@java.com,Male,,2008/04/24,,JN8AE2KPXD9402089,
213,Adelaida,Gritten,agritten5w@sitemeter.com,Female,18.141.238.209,2009/06/06,,WAUGL98E98A496980,2008
214,Nicole,Gerrelt,ngerrelt5x@twitter.com,Female,149.204.163.119,2012/06/07,Dakota,WVGEF9BP6FD285089,1997
215,Worthington,Berks,wberks5y@timesonline.co.uk,Male,134.178.9.41,2020/08/18,Contour,WDDGF4HB1DR299922,1998
216,Rinaldo,Thome,rthome5z@w3.org,Male,21.245.31.230,2018/02/18,,3VW1K7AJXDM355949,1999
217,Liuka,Onele,lonele60@nationalgeographic.com,Female,187.39.143.132,2010/01/27,Contour,5N1BA0ND3FN090110,1995
218,Fionna,Ferris,fferris61@posterous.com,Female,167.152.76.113,2012/09/21,Panamera,5J6TF2H54EL193888,2010
219,Shay,Ruger,sruger62@unc.edu,Male,116.125.213.72,2020/09/11,,JTHBE5C22A2355034,1990
220,Gertruda,McBride,gmcbride63@tuttocitta.it,Female,,2017/03/16,Elantra,1D4PU6GX6AW757933,2006
221,Asher,Perazzo,aperazzo64@stanford.edu,Male,251.58.111.149,2012/11/27,,3GYFNFEY6AS557335,2003
222,Janette,Ondricek,,Female,19.157.142.103,2011/04/24,C70,1G6DA5E58C0320206,2001
223,Carlyn,Taylder,ctaylder66@purevolume.com,Female,43.2.66.15,2005/09/01,,WAUSF98K19N604560,2012
224,Chic,Hourican,chourican67@networksolutions.com,Male,29.155.59.204,2008/02/19,4Runner,WVGEP9BP9FD361448,1996
225,Laureen,Crosoer,lcrosoer68@flickr.com,Female,40.78.197.170,2015/05/27,,2G4GP5EX7E9563634,2004
226,Antoinette,Mogford,amogford69@usatoday.com,Female,244.247.47.180,2007/07/20,Excursion,WDDHF2EBXDA528013,2001
227,Germana,Postgate,gpostgate6a@vimeo.com,Female,149.73.153.93,2022/10/20,,WA1YL64B94N118219,1999
228,Jyoti,Muckloe,jmuckloe6b@soup.io,Female,,2013/03/30,,KMHHT6KD0AU236439,2011
229,Munroe,Jubb,mjubb6c@acquirethisname.com,Male,23.157.182.97,2006/10/27,,JH4DC53863C218596,1966
230,Gaston,Dibnah,gdibnah6d@va.gov,Genderqueer,,2013/09/25,,WAUUL78E88A112971,1998
231,Kerrin,Ogley,kogley6e@hc360.com,Female,10.146.27.87,2006/12/16,,WAUKG58E15A006955,1985
232,Ambrosi,Audley,aaudley6f@angelfire.com,Male,9.43.153.207,2007/08/15,C70,WAUHGBFC7DN288472,2003
233,Dan,Parsonage,dparsonage6g@exblog.jp,Male,67.233.251.124,2011/06/16,Maxima,WBAKB0C50AC139892,2006
234,Marielle,Dumbrell,mdumbrell6h@people.com.cn,Polygender,160.129.228.101,2019/05/17,Camaro,2D4RN5D17AR798466,
235,Dell,Labrom,dlabrom6i@about.me,Female,123.143.100.96,2007/04/03,Ram Van 2500,19UUA56781A716125,2001
236,Sheila-kathryn,Trillow,strillow6j@nsw.gov.au,Female,242.160.25.71,2020/08/27,Sierra 1500,WAUVT54B52N520753,1999
237,Reggi,Wickrath,rwickrath6k@aboutads.info,Female,253.59.139.98,2010/04/18,,WAUFFAFL2BA989199,2000
238,Vachel,Ferris,vferris6l@paypal.com,Male,246.120.126.70,2005/07/09,,JN8AZ2KR7CT862222,2002
239,Andria,Firbanks,afirbanks6m@whitehouse.gov,Genderfluid,252.119.152.107,2021/09/14,Enclave,1D7RE3BK4BS221834,2012
240,Filip,Drugan,fdrugan6n@bloglovin.com,Male,93.78.173.207,2010/10/13,Civic GX,WDDGF4HB8EA418632,2003
241,Walton,Baumer,wbaumer6o@csmonitor.com,Male,168.110.97.133,2005/09/19,,WAUGL98E56A279682,2010
242,Farlie,Spaule,fspaule6p@multiply.com,Male,245.65.136.72,2014/05/14,,1J4NF1FB6AD629592,
243,Marilin,Klimek,mklimek6q@typepad.com,Female,242.173.139.79,2008/05/08,EXP,1G6AR5SX4F0140243,
244,Mahmud,Whild,mwhild6r@cocolog-nifty.com,Non-binary,219.101.17.181,2009/02/16,,SCFEBBCF9CG210346,2003
245,Edwin,Coard,ecoard6s@cyberchimps.com,Male,,2016/07/22,,1VWAH7A32DC664008,2004
246,Hubert,Blaber,hblaber6t@e-recht24.de,Male,124.201.208.204,2006/02/09,,1G6AJ5SX2E0783051,2010
247,Nathalia,Flemyng,nflemyng6u@bravesites.com,Female,,2009/02/03,,SCFEBBDL1EG124374,1999
248,Clarice,Bowhey,cbowhey6v@digg.com,Female,142.140.27.184,2020/01/26,F350,WA1CFBFP2DA450576,1993
249,Rita,Firk,rfirk6w@timesonline.co.uk,Female,158.16.217.61,2015/04/21,Murciélago,1GTN1TEX2DZ831043,2005
250,Beilul,Noquet,bnoquet6x@diigo.com,Female,123.158.44.167,2003/12/12,,5N1AR1NB9CC725170,1996
251,Minne,Gabey,mgabey6y@purevolume.com,Female,,2012/11/22,Impala,1C4RDJDG6DC646043,1995
252,Stirling,Monksfield,smonksfield6z@theglobeandmail.com,Genderfluid,82.111.191.246,2020/03/14,,WUAW2BFC1EN477017,2012
253,Giles,Erdes,,Male,243.175.173.162,2015/05/03,,WBA4A7C52FD814583,1999
254,West,Tarquini,wtarquini71@mayoclinic.com,Male,83.202.53.226,2012/01/23,,KL4CJESB7EB433665,2005
255,Chryste,Bennellick,cbennellick72@altervista.org,Female,213.219.166.51,2021/07/02,,JM1CW2BL7D0105476,2007
256,Burke,Salleir,bsalleir73@narod.ru,Male,85.22.218.50,2017/08/10,Impala,WAUKG94F66N289255,1995
257,Lyndsay,Ley,lley74@zimbio.com,Female,234.58.40.123,2012/06/20,599 GTB Fiorano,KNAFT4A26A5910603,2008
258,Angelita,Laudham,alaudham75@discovery.com,Female,134.9.4.196,2013/02/06,,WBAVC73557A782875,2009
259,Vassily,Ruhben,vruhben76@eventbrite.com,Male,100.38.54.250,2018/03/26,Viper RT/10,WBASN2C55AC522200,1995
260,Amerigo,Ubsdall,aubsdall77@tinyurl.com,Male,,2003/02/17,,JN1AY1AP5DM263729,1980
261,Debee,McKain,dmckain78@amazon.de,Agender,17.243.235.2,2006/12/09,Caravan,5N1AN0NW5FN169702,2009
262,Andrei,Blacklock,ablacklock79@seattletimes.com,Female,81.178.137.206,2006/07/22,,1GKS1EEF0ER140749,2006
263,Gretal,People,gpeople7a@nationalgeographic.com,Female,,2005/10/26,Camaro,1G6DM57T560179540,1996
264,Aubrey,Ikins,aikins7b@bigcartel.com,Male,201.63.149.109,2010/09/12,Express 3500,SCFFDAAE0CG162402,1997
265,Augie,Iozefovich,aiozefovich7c@google.com.hk,Male,203.255.225.50,2021/05/03,Charger,1G6AH5S38E0570050,2010
266,Gae,Pezey,gpezey7d@mayoclinic.com,Genderfluid,197.106.237.35,2015/06/06,Explorer,1FM5K7B84EG003440,1991
267,Gregor,Waterhous,gwaterhous7e@parallels.com,Male,34.72.74.233,2004/06/15,,1C3CCBAG5EN698924,2003
268,Boot,Hrachovec,bhrachovec7f@g.co,Male,215.203.54.218,2017/03/04,1500 Club Coupe,1G6DN8EV2A0361935,1995
269,Joachim,Service,jservice7g@xrea.com,Non-binary,199.59.68.238,2014/10/01,,WAUWGAFB9AN470601,2011
270,Doralin,Twelvetrees,dtwelvetrees7h@google.es,Female,,2017/01/30,L300,3VW4S7AT9EM643428,1988
271,Elsworth,Colbeck,ecolbeck7i@epa.gov,Male,172.232.138.57,2023/05/12,,1G4HC5EM5AU028515,1987
272,Berton,Loines,bloines7j@livejournal.com,Male,,2015/09/01,,3VW4A7AT8CM122572,2006
273,Jobie,Casari,jcasari7k@last.fm,Female,25.198.103.183,2012/05/04,,5NPDH4AE9BH537046,2001
274,Corry,Gerardet,cgerardet7l@va.gov,Female,237.80.237.11,2007/09/29,Solstice,5J8TB4H5XGL338210,2007
275,Catina,Lergan,,Female,206.2.2.143,2004/05/12,,WBAEV33442K963673,1997
276,Morna,Rosenfelder,mrosenfelder7n@live.com,Female,160.49.58.82,2022/09/07,Econoline E350,1C3CCBAG0EN659688,2000
277,Ezri,Rippingale,erippingale7o@webs.com,Male,14.141.20.5,2023/05/24,RX-7,3N6CM0KNXEK291632,1991
278,Barb,Mardell,bmardell7p@cbsnews.com,Female,74.175.95.27,2019/06/25,,3N1CN7AP3FL626627,2007
279,Jareb,Roglieri,jroglieri7q@amazon.com,Male,182.69.230.184,2019/05/11,,5J8TB18259A853599,1994
280,Lindsay,Saleway,lsaleway7r@php.net,Female,117.23.182.78,2013/11/25,Soul,WBSDX9C58DE080254,2012
281,Hamish,Steiner,hsteiner7s@oakley.com,Male,,2005/10/25,Cavalier,1GYEK63N72R153168,1996
282,Olympe,Dansken,odansken7t@ftc.gov,Female,60.168.100.9,2019/05/01,,JTHKD5BH8E2656437,2003
283,Jaquith,Ebunoluwa,jebunoluwa7u@oaic.gov.au,Female,75.23.174.230,2014/11/04,Navigator,1G6DA1E37D0340584,2007
284,Genevra,Azam,gazam7v@webmd.com,Female,45.32.249.213,2006/04/25,Elantra,WAUGL68EX5A517135,1998
285,Danyette,Bohlin,dbohlin7w@spiegel.de,Female,204.66.38.118,2006/10/21,G,3C4PDDGG9ET658312,1994
286,Liana,Sowrah,lsowrah7x@wired.com,Female,252.32.25.179,2011/06/01,B-Series Plus,WAUXL68E04A671240,2002
287,Gabriell,Whereat,gwhereat7y@rambler.ru,Female,116.201.167.213,2013/10/30,RX,SALVE2BG2FH238724,2011
288,Curtice,Reinard,creinard7z@bing.com,Male,59.203.28.193,2022/02/19,Ranger,JM1NC2PF2F0829955,2002
289,Sandye,Schutze,sschutze80@github.io,Female,,2006/11/16,Rio5,WAUKFAFL3BN226485,2008
290,Fayina,Aronson,faronson81@squidoo.com,Female,153.119.229.85,2006/12/26,Murciélago,JN8AE2KP8F9235850,2010
291,Gene,Bake,gbake82@yolasite.com,Male,,2014/11/26,,WAUDG74F79N332521,2006
292,Roslyn,Vivien,rvivien83@hc360.com,Female,102.57.96.150,2016/03/22,,5UXZV4C50BL202036,2010
293,Katrine,McNay,kmcnay84@cbslocal.com,Female,217.198.68.5,2016/11/28,,3GYFNDE34FS602417,1999
294,Alyda,Drewson,adrewson85@booking.com,Female,215.122.200.147,2012/08/17,5 Series,JH4DC53823C771164,
295,Sonnie,Huffey,shuffey86@ed.gov,Male,139.187.160.229,2014/01/05,Diamante,3C3CFFER6FT412669,2002
296,Olva,McGeaney,omcgeaney87@abc.net.au,Agender,,2023/04/12,,1G6AZ5SX0F0528845,1995
297,Dane,Michal,dmichal88@usatoday.com,Male,69.67.192.62,2020/02/25,Accord,WAUWFBFL2AA050011,2003
298,Riva,Arnaudin,rarnaudin89@ifeng.com,Female,,2019/04/25,,5UXFF03559L130978,2001
299,Nappy,Gilberthorpe,ngilberthorpe8a@xing.com,Male,,2023/02/24,,1G6AU5S82E0179581,2004
300,Baldwin,Genery,bgenery8b@zimbio.com,Male,,2018/10/20,Golf,2C3CDXBG2FH498604,1990
301,Eadmund,Beck,ebeck8c@census.gov,Male,20.3.157.110,2019/05/06,,1GYS4JEF9ER127245,2004
302,Vicki,Abele,vabele8d@homestead.com,Female,213.16.206.191,2015/07/31,Explorer,5GALVBED9AJ160798,1991
303,Amalle,Drinan,adrinan8e@yahoo.co.jp,Female,,2012/04/12,,JM1BL1H39A1171071,2004
304,Konstance,Davidsen,kdavidsen8f@google.cn,Female,207.24.134.95,2022/05/03,,3D7TT2CT3BG998638,1990
305,Ced,Gowanlock,cgowanlock8g@senate.gov,Male,51.210.139.243,2010/06/14,,5FRYD3H25GB163378,2011
306,Eugen,Burfield,eburfield8h@slashdot.org,Male,45.171.202.251,2023/12/04,Avenger,WAUJC68E03A362968,
307,Marje,McMichael,mmcmichael8i@ning.com,Female,,2007/11/01,,WA1UFBFL8DA829339,
308,Saba,Grastye,,Female,129.131.165.246,2018/10/12,Regal,1G6DL5ED9B0915789,1991
309,Bucky,Batha,bbatha8k@webnode.com,Male,176.114.111.124,2020/11/13,F350,3GYT4NEF7DG931277,2007
310,Ira,Van Driel,ivandriel8l@virginia.edu,Male,68.72.60.15,2021/05/07,,5N3ZA0NC8AN263299,1987
311,Valentine,Reolfi,vreolfi8m@plala.or.jp,Male,9.141.214.29,2016/10/14,Ranger,1G6AB5RX3D0164590,1994
312,Sauncho,Jerrans,sjerrans8n@plala.or.jp,Male,139.84.68.187,2015/09/01,Mustang,KMHFH4JGXFA341121,1996
313,Sig,Sturges,ssturges8o@mapy.cz,Male,184.126.59.160,2004/11/04,,SCFFDABE7CG281904,1986
314,Kathrine,Ranklin,kranklin8p@mlb.com,Female,248.173.152.97,2020/05/17,,2C3CCAGG0DH427116,2002
315,Nikki,McKenzie,nmckenzie8q@gmpg.org,Male,136.127.66.235,2020/03/06,Seville,5J6TF1H36FL324295,
316,Judye,Windybank,jwindybank8r@photobucket.com,Female,95.112.53.245,2023/10/26,V70,1N6AA0CC8DN871127,2000
317,Royall,Nickoles,rnickoles8s@comcast.net,Male,138.92.74.105,2012/08/19,,1GYFK36239R015822,1995
318,Early,Nield,enield8t@alibaba.com,Male,198.141.18.192,2008/02/13,Traverse,1B3CC1FB1AN835503,2009
319,Simonne,Acey,sacey8u@hostgator.com,Female,241.6.53.150,2013/11/18,,5UXKR2C55E0869409,2000
320,Chad,Florez,cflorez8v@harvard.edu,Male,102.28.197.52,2015/12/23,CR-V,5UXFG8C58BL892316,2011
321,Barnabas,Sacase,bsacase8w@economist.com,Male,49.13.37.145,2010/05/09,,WAUHE78P79A004534,1997
322,Lindsay,Jakolevitch,ljakolevitch8x@umich.edu,Female,8.195.213.13,2017/04/23,,1G6DK1ED2B0049574,1992
323,Concordia,Oller,coller8y@blog.com,Female,223.121.27.109,2011/09/15,Tucson,1HGCR2E33FA273245,2010
324,Eustace,Broadwell,ebroadwell8z@privacy.gov.au,Male,62.220.243.1,2020/10/14,XL-7,TRUTC28N811148611,2006
325,Titus,Bamsey,,Agender,,2009/08/29,Impreza WRX,1C4AJWAG4FL315942,2010
326,Obadiah,Flowerden,oflowerden91@qq.com,Male,133.73.20.115,2022/07/12,Maxima,2HNYD2H28AH488940,1994
327,Vachel,Vasilyev,vvasilyev92@ameblo.jp,Male,226.100.198.26,2010/06/24,Sportage,WAUXD68D32A059468,2001
328,Virginia,Glazebrook,,Female,172.33.58.32,2005/04/10,rio,1FTWX3B59AE997307,1998
329,Reta,Andrichuk,randrichuk94@indiegogo.com,Female,119.233.17.192,2015/02/15,,JH4CL95974C008549,2001
330,Celeste,Marfell,cmarfell95@whitehouse.gov,Female,26.138.183.182,2022/03/17,Countryman,1B3CB5HA1BD751428,2011
331,Reagan,Sterricks,rsterricks96@huffingtonpost.com,Male,,2003/07/25,,1FTSW2B56AE080384,1982
332,Shirlee,Leonard,,Female,,2013/11/28,Ram 3500,1FTEW1C80AF394705,2001
333,Nissie,Vanyakin,nvanyakin98@sciencedaily.com,Bigender,223.73.132.206,2007/07/01,Sonoma,1FTMF1EW3AK577952,2001
334,Thorvald,Rainey,trainey99@behance.net,Polygender,195.207.34.183,2018/11/03,,1G6DN57U860281064,1986
335,Murry,Soutter,msoutter9a@state.tx.us,Genderfluid,,2006/04/25,Celica,SCFAB02A36G301187,
336,Elinore,MacAirt,emacairt9b@biglobe.ne.jp,Female,160.245.146.76,2017/04/06,Jimmy,WAUBH74F66N883944,1992
337,Libbi,Sporton,lsporton9c@webnode.com,Agender,91.106.119.158,2016/08/20,300M,WDBWK5JA4BF484293,1999
338,Morse,Carwardine,mcarwardine9d@youtube.com,Male,,2014/05/04,Focus,1FMCU4K30CK399297,2001
339,Kris,Blakeborough,kblakeborough9e@psu.edu,Agender,244.108.147.159,2023/03/05,,SCFFDAAM4DG824443,2007
340,Gualterio,Campana,gcampana9f@prlog.org,Male,249.160.158.17,2014/10/25,,5UXKR2C53E0617352,2003
341,Way,Trehearn,wtrehearn9g@sogou.com,Male,192.183.60.212,2017/10/10,RX Hybrid,JTEBU4BF9CK975686,2012
342,Michail,Leipnik,mleipnik9h@t.co,Male,61.104.102.153,2009/08/17,Phantom,WBAGN83544D670443,2006
343,Pearle,Brittin,pbrittin9i@domainmarket.com,Female,76.242.10.55,2022/01/26,Defender,5FNYF3H23FB461292,1995
344,Violante,Bansal,vbansal9j@dropbox.com,Female,126.53.153.11,2015/05/12,1500,WAUSH98E57A925896,
345,Nonie,Sherrin,nsherrin9k@seattletimes.com,Female,137.169.45.226,2010/12/27,,JN1BJ0HP7FM029944,2003
346,Gideon,Albery,galbery9l@surveymonkey.com,Male,161.241.114.19,2010/09/13,,3VW507AT9FM113309,2006
347,Yale,Cholmondeley,ycholmondeley9m@webnode.com,Male,28.223.199.112,2010/01/07,Sephia,5NPE24AF4FH929596,2000
348,Ellette,Matasov,ematasov9n@un.org,Genderfluid,,2014/02/23,4Runner,5TDDK3DC9ES136312,2005
349,Dion,Savege,dsavege9o@prlog.org,Male,118.26.169.90,2015/11/13,,WBABN33401J196704,2003
350,Ave,Durrant,adurrant9p@chicagotribune.com,Bigender,91.246.40.124,2015/05/03,Econoline E150,1GKS1GEJ1CR783818,1998
351,Cassaundra,Conybear,cconybear9q@spotify.com,Bigender,247.105.252.125,2022/08/01,3500,WAUKGAFB9BN408048,1993
352,Maurise,Van Der Hoog,mvanderhoog9r@liveinternet.ru,Female,33.113.32.21,2007/12/09,Sierra 2500,JTHKD5BH1B2048237,
353,Kerk,McGinney,kmcginney9s@census.gov,Male,254.140.174.129,2015/06/09,Avalon,YV4952CF5C1099141,2003
354,Giorgi,Sherwell,gsherwell9t@reuters.com,Male,25.148.67.83,2016/02/27,9-5,2T1KU4EE3DC991473,2004
355,Niall,Boness,nboness9u@naver.com,Male,12.63.71.65,2007/03/09,,KNADM4A3XD6694833,1997
356,Rubia,Mc Corley,rmccorley9v@cbc.ca,Genderqueer,34.247.36.236,2018/04/05,Trans Sport,WBADT43441G062604,1994
357,Evy,Boram,eboram9w@vk.com,Female,30.193.26.70,2010/03/13,W126,SALAG2D44BA586684,1981
358,Matthieu,Mansuer,mmansuer9x@nbcnews.com,Male,129.26.242.87,2007/08/22,Quattroporte,WAUSH78E57A576081,2009
359,Alie,Lee,alee9y@cmu.edu,Female,,2016/12/24,,JN8AZ2KR6BT181578,1997
360,Cornall,de'-Ancy Willis,cdeancywillis9z@buzzfeed.com,Male,226.137.186.252,2009/02/11,,1N6BF0KM0FN363110,2007
361,Cornelius,Gallemore,cgallemorea0@china.com.cn,Non-binary,61.58.105.37,2018/11/17,,WA1DGAFE5BD705131,1986
362,Aubert,Ranyelld,aranyellda1@51.la,Male,166.159.182.21,2009/03/05,Impreza,JN1AJ0HP9CM104084,1996
363,Karole,Clineck,kclinecka2@mit.edu,Female,133.161.41.237,2020/09/08,Highlander,WBA3B3C52DJ531939,2008
364,Charil,Dodell,cdodella3@histats.com,Female,93.93.89.195,2019/06/10,Mazda6,SCFAB42321K766719,2012
365,Jerrilee,Hayhow,jhayhowa4@constantcontact.com,Female,126.123.33.166,2012/10/03,IS-F,WBAVM1C56FV764368,2012
366,Olivie,Redwood,oredwooda5@t.co,Female,175.126.133.168,2009/07/17,,1G6DC5E57C0463884,2005
367,Kat,Stainsby,kstainsbya6@ustream.tv,Female,41.165.143.223,2013/03/16,Mirage,SCFAD02AX5G535285,1987
368,Isabelita,Annice,iannicea7@epa.gov,Female,,2003/03/27,Yukon XL 1500,WBADS43463G684529,2012
369,Kip,Scrivner,kscrivnera8@addthis.com,Female,118.237.7.22,2017/09/05,,KMHEC4A46DA368796,1996
370,Arlan,Smissen,asmissena9@digg.com,Male,191.178.142.144,2003/01/14,Grand Cherokee,WAUHF98P78A333547,1997
371,Lou,Wetter,lwetteraa@list-manage.com,Female,,2013/04/20,Boxster,3GYFNGE34DS681294,2001
372,Fidelia,Chamberlain,fchamberlainab@yellowbook.com,Female,196.73.64.212,2021/04/26,M,1FTFW1E8XAK586545,2008
373,Erhart,Domegan,edomeganac@creativecommons.org,Male,,2018/08/20,,WAUUL78E56A805669,2010
374,Gian,Leere,gleeread@digg.com,Male,79.80.44.131,2019/09/24,Mountaineer,WAUKD98P86A270340,2007
375,Anett,Alyoshin,aalyoshinae@bloglovin.com,Bigender,108.246.92.68,2011/10/11,V8 Vantage,1G6KD57Y31U728723,
376,Janifer,Ramirez,jramirezaf@mtv.com,Female,129.28.128.191,2005/06/30,Sonata,WA1LGAFE2ED609442,2008
377,Maxine,Brazear,mbrazearag@vk.com,Female,,2016/03/13,Grand Voyager,WBANW13539C648765,2000
378,Dee dee,Merrifield,dmerrifieldah@prweb.com,Female,49.207.92.233,2004/06/21,F-Series,WAUXU64B02N443219,1997
379,Feliks,Semens,fsemensai@walmart.com,Male,232.155.165.172,2014/06/03,,3N1BC1AP7AL800125,2008
380,Thaddeus,Belk,tbelkaj@de.vu,Male,29.123.41.68,2016/06/05,,3VW517AT6FM909089,2006
381,Karel,Skipping,kskippingak@intel.com,Male,10.200.111.19,2003/09/16,Coachbuilder,1G4HP52K354057704,
382,Marji,Raspin,mraspinal@hc360.com,Female,100.106.210.185,2003/02/02,,KMHHT6KD2BU246097,1991
383,Sauveur,Blythin,,Male,177.23.82.79,2010/07/12,,3GYEK63N23G709419,1995
384,Clemens,Sisson,csissonan@etsy.com,Male,205.219.0.65,2017/03/24,X5,3D7JB1EP5AG010276,2011
385,Odie,Southall,osouthallao@livejournal.com,Agender,,2022/11/20,330,1GYEE637790273155,2006
386,Lamont,Bishop,,Male,24.78.132.204,2003/09/07,,WAUEKBFB2BN783734,2009
387,Farley,Gero,fgeroaq@sciencedirect.com,Male,,2004/06/06,,1N6AF0LY1EN877267,1997
388,Thoma,Samber,tsamberar@paypal.com,Male,63.122.136.61,2013/06/18,Sierra 2500,5UXKU6C58F0865880,2009
389,Luca,Surguine,lsurguineas@samsung.com,Male,11.118.86.162,2016/03/11,VehiCROSS,3N1AB6AP8CL312316,2000
390,Isak,Pettie,ipettieat@shop-pro.jp,Male,248.137.14.38,2019/07/05,Cougar,WAULC58E54A364042,1993
391,Koressa,Dewes,kdewesau@dot.gov,Female,10.115.122.118,2013/12/18,Karif,19UUA9F22EA086779,1990
392,Giffer,Rambaut,grambautav@whitehouse.gov,Male,,2018/09/06,Mazdaspeed 3,3C6TD5KTXCG742600,
393,Teodoor,Sabey,tsabeyaw@about.me,Male,13.130.77.26,2010/05/18,del Sol,1FTWW3A59AE952985,1995
394,Junie,O'Bradden,jobraddenax@canalblog.com,Female,211.149.29.134,2020/11/22,,JH4CL96808C906857,1994
395,Hugo,Ions,hionsay@xrea.com,Male,,2023/09/11,Montero,WBAVC53547F913415,1995
396,Sammie,Henken,shenkenaz@bloomberg.com,Genderfluid,,2011/10/15,Passat,SCBLE37G55C360506,1997
397,Charisse,Minghella,cminghellab0@hud.gov,Polygender,92.200.90.157,2020/10/27,,WBAVB73568K394360,2012
398,Felice,Leslie,fleslieb1@cdbaby.com,Female,209.65.106.96,2013/07/22,ZX2,3G5DB03EX4S600601,2002
399,Alastair,Bohlje,abohljeb2@europa.eu,Male,190.79.50.33,2021/12/08,,3D73M4CL7BG650480,2005
400,Blakeley,Scottrell,bscottrellb3@walmart.com,Female,95.143.232.175,2018/06/08,Laser,3N1AB7AP1FL407648,1994
401,Dwayne,MacCrosson,dmaccrossonb4@ezinearticles.com,Male,186.11.154.215,2003/03/16,Accent,TRURD38J991482815,2005
402,Adolphus,Hoolaghan,ahoolaghanb5@nih.gov,Male,141.243.20.81,2023/02/06,Envoy XL,JH4CW2H68EC362730,2002
403,Pet,Huster,phusterb6@virginia.edu,Female,204.63.250.122,2014/12/08,,WBAKA4C57CC899220,2007
404,Heall,Raimbauld,hraimbauldb7@wired.com,Genderqueer,112.77.74.179,2013/02/12,,1NXBU4EE4AZ330688,1990
405,Jeth,Preece,jpreeceb8@hatena.ne.jp,Male,0.168.188.0,2010/07/09,Cougar,WAUDG78E26A944517,1970
406,Magda,Knowlden,mknowldenb9@bandcamp.com,Female,167.81.92.134,2011/05/26,,WBA3V5C5XEJ199415,1999
407,Tracey,Calderwood,tcalderwoodba@360.cn,Male,,2011/08/11,,WP0AA2A94DS017906,2000
408,Debor,Stoves,dstovesbb@goodreads.com,Female,60.0.164.144,2006/12/03,,WAUVC58E75A071706,
409,Vasilis,Pitts,vpittsbc@wordpress.com,Male,73.146.117.130,2020/07/06,,4USBU53508L237870,2001
410,Grier,Kitto,gkittobd@tripadvisor.com,Female,89.230.97.233,2010/08/14,,WAUPEAFM9AA269817,1988
411,Sancho,Pock,spockbe@kickstarter.com,Male,161.4.42.197,2006/09/08,B-Series,SCBBB7ZHXBC315154,2000
412,Fanni,Bayley,fbayleybf@hhs.gov,Female,80.27.102.77,2023/12/01,,WBALM735X9E806751,2012
413,Paxton,Pothbury,ppothburybg@flavors.me,Male,197.179.205.254,2004/01/31,L300,WAUBF98EX8A557237,1988
414,Ken,Gounod,kgounodbh@java.com,Male,247.26.223.112,2007/01/31,,WAUMF78K19A532179,2006
415,Jule,Yeeles,jyeelesbi@imdb.com,Male,164.101.11.0,2018/07/26,,JTJBM7FX4D5775434,2000
416,Jo,Huckstepp,jhucksteppbj@constantcontact.com,Male,,2005/12/08,Endeavor,JN8AS5MT3CW632867,2009
417,Frazier,Brosius,fbrosiusbk@google.pl,Male,127.144.169.239,2018/12/12,,WUARU98E27N382273,1998
418,Giffer,Jankovsky,gjankovskybl@twitpic.com,Male,,2021/05/29,Lancer,WBAUL7C51DV818223,2005
419,Vinni,Attenbrough,vattenbroughbm@smh.com.au,Female,197.243.39.129,2004/08/04,GS,1G6DB8E56E0848702,1994
420,Dominik,Maggs,,Male,78.93.15.40,2023/07/22,Montana,WA1MKAFPXAA318591,
421,Tome,Kelleway,,Male,,2019/05/24,EXP,SCBDP3ZA1BC014651,1984
422,Tiffanie,Streets,tstreetsbp@diigo.com,Female,94.18.113.123,2007/04/25,Sunbird,3FA6P0LU8ER554467,1988
423,Gregorius,Eloi,,Male,237.109.194.24,2015/12/18,,WBAFR9C55CD089909,2012
424,Lissi,Giacaponi,lgiacaponibr@bravesites.com,Female,169.241.122.55,2012/10/10,,1G6AB1RX8F0025762,1987
425,Luis,Yo,lyobs@samsung.com,Male,48.109.123.81,2009/04/08,,WAU4GBFB3AN830796,1989
426,Rowland,Rosin,rrosinbt@dedecms.com,Male,195.198.63.160,2010/07/11,,JTDKN3DU1F0845392,1996
427,Clarence,Schober,cschoberbu@vk.com,Male,180.254.92.35,2016/03/17,Silverado 1500,1G6DG5EG7A0853502,
428,Lammond,Folkard,lfolkardbv@seesaa.net,Male,111.99.163.225,2019/05/19,,JN1CY0APXAM772102,2005
429,Otha,Piddlesden,opiddlesdenbw@bandcamp.com,Female,,2018/06/05,,WP0CA2A80EK321283,2008
430,Joell,Marchello,jmarchellobx@comsenz.com,Polygender,141.44.129.209,2008/08/24,,SCFKDCEP9EG378192,2007
431,Archie,Keyse,akeyseby@dyndns.org,Genderqueer,,2005/06/10,Matrix,1GD021EG0FZ648301,2011
432,Rickert,Shellum,rshellumbz@deliciousdays.com,Male,196.131.221.36,2009/01/08,,1G6AD5SX7D0130253,2007
433,Lindon,Ellaway,lellawayc0@theatlantic.com,Male,186.52.192.89,2007/03/13,Aspire,1GD21XEGXFZ472761,1996
434,Bettina,Olyfant,bolyfantc1@whitehouse.gov,Female,89.161.145.116,2017/04/27,,WBAFB33561L146574,1987
435,Bastien,Brookhouse,bbrookhousec2@surveymonkey.com,Male,89.191.19.168,2014/12/01,Amanti,SCFBB03C09G015497,2006
436,Wallas,Aris,warisc3@scientificamerican.com,Genderqueer,11.39.19.223,2011/12/15,,3FAHP0HA9AR099243,
437,Francois,Fergusson,ffergussonc4@independent.co.uk,Male,79.248.171.172,2021/02/07,,1B3CB4HA3AD112251,
438,Ricoriki,Acott,racottc5@51.la,Male,,2014/02/25,Thunderbird,JHMZF1C49DS339195,1977
439,Antoni,Trodden,atroddenc6@engadget.com,Agender,228.111.100.32,2010/11/25,,WAUAF78E48A331596,2011
440,Dory,Baskerville,dbaskervillec7@psu.edu,Female,172.60.108.21,2003/06/21,Type 2,WBA3G7C55FK002507,1990
441,Ringo,Rugge,rruggec8@seesaa.net,Male,215.41.66.238,2011/06/03,ZDX,WBAEW53463P473166,
442,Phaidra,Craney,pcraneyc9@hibu.com,Bigender,,2003/10/26,,1FMEU5BE1AU315456,2012
443,Babette,Arkwright,barkwrightca@ft.com,Female,,2022/07/22,,SALVP2BG1FH628742,2001
444,Ford,Somerlie,fsomerliecb@stanford.edu,Male,116.195.32.108,2014/04/03,5000CS Quattro,1FTEW1CM9EK453695,1986
445,Anne-marie,Sherer,asherercc@state.tx.us,Agender,7.230.76.21,2011/09/10,Montero,WAUSH98E56A923189,1997
446,Hamel,Allmen,,Male,,2007/05/06,4Runner,1GYUKDEF3AR584966,1995
447,Corinna,Braunstein,cbraunsteince@mail.ru,Female,226.64.148.8,2010/05/18,300SE,2B3CL3CG6BH678413,1992
448,Brion,Lempenny,,Male,237.118.45.163,2010/10/17,Rockette,ZFF60FCA8A0091989,1960
449,Lorelle,Merryfield,lmerryfieldcg@gizmodo.com,Female,16.93.147.176,2016/11/22,Eldorado,WA1CFBFP9DA801497,2001
450,Kennie,Fessions,kfessionsch@mlb.com,Male,,2007/10/10,Avalon,1GYS4NKJ9FR540543,2006
451,Karil,Vairow,,Female,36.4.26.134,2006/11/08,,3GYEK62N56G144198,1986
452,Josefina,Mapp,,Female,234.127.181.247,2019/12/08,,2G4WE537651049437,1992
453,Karlik,Hindhaugh,khindhaughck@wsj.com,Genderqueer,23.2.26.137,2019/05/19,,2LMHJ5AR4AB728141,2008
454,Morgen,Nourse,mnoursecl@webeden.co.uk,Male,84.194.40.26,2004/07/23,,WBA3T7C55F5685397,1957
455,Mahmud,Loghan,mloghancm@google.co.uk,Male,,2008/10/12,,KMHFC4DD1AA986474,1996
456,Rania,Farlam,rfarlamcn@mit.edu,Female,159.139.171.211,2004/10/13,Montana,WAUFFAFL4AA731586,2006
457,Golda,Elders,geldersco@mit.edu,Female,84.53.231.208,2010/10/18,MR2,1G6DG8E54D0484666,2003
458,Charlton,Turbayne,cturbaynecp@cargocollective.com,Male,63.184.51.130,2010/04/07,,1C6RD6MT0CS402328,1994
459,Amandi,Mothersole,amothersolecq@indiegogo.com,Female,4.218.136.4,2003/12/14,,WBALL5C53FP981172,1963
460,Lotty,Fraulo,lfraulocr@artisteer.com,Genderqueer,133.196.10.143,2010/01/03,Vitara,2G4WE587361476021,2001
461,Nathanil,Vause,nvausecs@hatena.ne.jp,Non-binary,157.16.204.230,2021/12/16,1500 Club Coupe,1D7RV1GT9BS019951,1992
462,Towny,Malcher,tmalcherct@naver.com,Male,93.188.29.189,2009/12/09,XL-7,JA4AD2A32EZ091699,
463,Base,Noonan,bnoonancu@yellowpages.com,Male,,2018/01/07,,WAUXL68E55A798907,1993
464,Mandi,Gian,mgiancv@dailymail.co.uk,Female,118.27.248.36,2018/02/20,5 Series,WAUVFAFR8DA220466,2003
465,Allys,Delafont,adelafontcw@goodreads.com,Female,201.57.144.60,2013/09/06,MX-3,JM1NC2LF5C0139957,1994
466,Neville,Densell,ndensellcx@cam.ac.uk,Male,202.230.23.96,2010/06/23,Exige,1FMNE1BW3AD962584,2006
467,Thorstein,Lamming,tlammingcy@ft.com,Male,37.191.53.78,2017/03/17,Sierra 1500,1FTEW1CM7CK456494,2012
468,Demetre,Kall,,Male,146.220.220.201,2015/02/13,,2LMDJ6JK2BB760904,1978
469,Clari,Beckitt,cbeckittd0@mysql.com,Female,20.249.7.233,2011/04/11,i-MiEV,2G61N5S33E9020799,
470,Ennis,O'Hartnett,eohartnettd1@comcast.net,Male,133.3.100.9,2009/07/11,Impreza,1C3BC6EV0AN172495,2004
471,Magdalene,Ivanchin,mivanchind2@chicagotribune.com,Female,9.84.243.211,2006/12/24,,JN8AZ2KR2DT496221,1994
472,Bradan,Evanson,bevansond3@slate.com,Male,184.237.252.186,2015/08/18,,5UXXW5C5XF0510459,
473,Emmalyn,Coots,ecootsd4@howstuffworks.com,Female,98.235.18.1,2010/02/20,,1FMJU1G59AE771408,
474,Luke,Castro,lcastrod5@phoca.cz,Male,,2021/06/28,,5N1AA0ND3EN772849,2002
475,Car,Wilhelmy,cwilhelmyd6@boston.com,Male,,2018/02/09,,5TDBK3EH5BS508368,2000
476,Adel,Borthwick,,Female,10.106.139.120,2012/04/27,Escalade,WVWED7AJ1CW838890,2004
477,Ephrayim,Coste,ecosted8@webnode.com,Male,168.158.160.149,2009/11/09,Maxima,19UUA76687A470673,1999
478,Arri,McCoveney,amccoveneyd9@bigcartel.com,Male,,2015/12/24,Escalade ESV,YV1902AH1B1425998,2008
479,Eva,Nutbean,enutbeanda@dot.gov,Female,64.43.72.51,2014/08/15,,KNADM4A39C6928006,1994
480,Allyson,Beilby,abeilbydb@cnet.com,Female,158.102.229.230,2020/04/05,Matrix,3GYFNDE3XES829075,2003
481,Garrot,Eger,gegerdc@4shared.com,Male,237.97.227.254,2006/12/12,,WAUMGBFL1AA280952,1992
482,Kendricks,Prichard,kpricharddd@gov.uk,Male,246.74.11.209,2022/04/21,Discovery,2HNYD186X1H643890,2008
483,Coriss,Seacombe,cseacombede@google.it,Female,137.179.207.204,2004/06/04,Prelude,5N1AA0NC7CN672631,1996
484,Adrianna,Djorevic,adjorevicdf@baidu.com,Female,238.254.35.96,2016/03/17,3000GT,WAUDF78EX8A155408,1999
485,Jaimie,Pennuzzi,jpennuzzidg@harvard.edu,Male,7.84.239.31,2022/02/18,Yaris,3FA6P0PU1ER161601,2010
486,Gardy,Brahms,gbrahmsdh@sakura.ne.jp,Male,68.235.60.103,2022/04/02,S2000,1D7RV1CP8AS592024,2004
487,Bernetta,Nice,bnicedi@bigcartel.com,Female,,2008/08/29,Monte Carlo,JH4CL95826C389706,1999
488,Carlin,Sherer,cshererdj@devhub.com,Female,165.46.16.200,2019/05/06,IS-F,WDDHF0EB1EA063479,
489,Kimberli,Edwinson,kedwinsondk@cdbaby.com,Female,137.227.174.92,2009/03/04,SL-Class,1FA6P0G73E5614744,1996
490,Ramsay,Baugh,rbaughdl@facebook.com,Male,166.200.136.0,2023/06/02,9000,5N1CR2MN1EC052680,1987
491,Clarice,Clarke-Williams,cclarkewilliamsdm@360.cn,Female,89.115.213.13,2018/04/15,,JN8AZ2KRXBT876422,
492,Ludvig,Tabourel,ltaboureldn@phpbb.com,Male,64.132.176.81,2003/12/30,,5J8TB3H35DL621196,1995
493,Ethyl,Merrgen,emerrgendo@wiley.com,Female,,2010/07/06,SC,WAUHFAFL0DA508748,2000
494,Garry,Skylett,gskylettdp@pen.io,Male,107.96.120.254,2003/11/04,Vandura 2500,5TDDK3DC9BS094526,
495,Sigismondo,Clemonts,sclemontsdq@woothemes.com,Male,,2020/09/03,,1ZVBP8JZ3E5067456,2006
496,Trevar,Suston,tsustondr@ezinearticles.com,Male,6.159.207.50,2023/01/04,,YV4902NB2F1463612,2012
497,Belle,Radbond,bradbondds@nymag.com,Female,245.97.3.32,2006/12/02,Jetta,5N1AT2ML7EC907079,1985
498,Ralf,Beinisch,rbeinischdt@ucsd.edu,Male,220.82.31.113,2016/11/03,Evora,WVGAV3AXXEW608627,2012
499,Gwyneth,Barribal,gbarribaldu@themeforest.net,Female,,2008/05/28,Ram Van B250,WUARL48H48K579528,1993
500,Erminie,Charpling,echarplingdv@vk.com,Female,156.159.201.249,2018/11/29,NSX,WAUKF78E77A662403,2003
501,Olivia,Shorie,oshoriedw@cargocollective.com,Female,174.9.138.173,2004/10/10,,1G6DH8E52C0679029,2000
502,Leland,Maudson,lmaudsondx@elegantthemes.com,Female,232.74.250.17,2009/11/30,,KNAGM4AD1E5452011,1993
503,Evaleen,Kenson,ekensondy@businessweek.com,Female,144.77.81.215,2011/04/15,RX-8,1FMEU8DE2AU345158,2004
504,Lancelot,Lowfill,llowfilldz@alexa.com,Male,,2012/11/08,,JN1CV6EKXCM005914,2003
505,Louella,Newvell,lnewvelle0@oaic.gov.au,Female,177.232.153.47,2022/05/06,Festiva,1GD311CGXFZ996626,1993
506,Armand,Melbert,amelberte1@vistaprint.com,Male,43.66.226.85,2022/02/09,Camry,4JGBB9FB2BA948179,1998
507,Ber,Cammis,bcammise2@seattletimes.com,Male,17.67.143.217,2019/10/23,Prius,3GYFK12249G199100,2003
508,Neil,Pendrid,npendride3@chron.com,Male,43.162.124.163,2007/04/30,M3,WVGAV7AX3BW985478,2010
509,Min,Rouch,mrouche4@dagondesign.com,Female,135.45.74.205,2009/12/18,,1G6KS54Y54U125724,1992
510,Budd,Biagini,bbiaginie5@theguardian.com,Male,233.174.41.111,2021/12/01,,3D73Y3HL2AG810626,2005
511,Gaynor,Wehnerr,gwehnerre6@themeforest.net,Female,10.59.75.228,2015/02/21,F150,WBAKF3C58CE546954,2000
512,Florella,Gatman,fgatmane7@spotify.com,Female,18.114.31.110,2011/05/01,,3C4PDDEG3DT498770,
513,Lolly,Paine,lpainee8@miibeian.gov.cn,Female,236.190.32.77,2006/01/22,,3C3CFFBR7CT523327,1992
514,Ryon,Barrus,rbarruse9@howstuffworks.com,Genderfluid,17.96.233.238,2003/07/18,,JTDZN3EUXD3623507,1992
515,Kendrick,Hatherleigh,khatherleighea@ftc.gov,Male,130.28.74.52,2012/07/07,Integra,3C63D3KL6CG269606,2000
516,Chrissie,Solomonides,csolomonideseb@dailymotion.com,Male,189.102.181.94,2013/11/19,,KM8JT3AC9AU326939,2005
517,Kimmie,Doick,kdoickec@ucla.edu,Female,36.192.33.204,2017/09/23,E250,WBAPH5C5XBA922913,
518,Gerrilee,Rampling,gramplinged@wsj.com,Female,231.43.114.175,2004/04/28,,1G6KD54Y02U873028,2011
519,Willette,Greet,wgreetee@xrea.com,Female,42.47.55.121,2004/05/16,LeMans,JA32U2FU2FU625664,1968
520,Barr,Bordman,bbordmanef@vimeo.com,Male,,2005/04/16,,WBALW7C50CD417589,
521,Brannon,Ballintyne,bballintyneeg@hp.com,Male,248.93.255.171,2014/06/12,,JTDBT4K37A1594001,
522,Lewie,Kleinstern,,Male,,2008/05/28,Axiom,WBA5B3C5XED577303,2004
523,Kizzee,O'Loughlin,koloughlinei@sciencedaily.com,Female,62.116.192.48,2012/11/16,Jetta,1G6DS1E31C0443415,
524,Meridith,Cruddas,mcruddasej@desdev.cn,Bigender,229.193.62.48,2019/12/21,LR3,VNKJTUD37FA404432,
525,Benedicta,Darkin,bdarkinek@t.co,Female,66.79.229.192,2007/09/03,Elantra,4T1BF3EK7AU987852,2010
526,Tiertza,Dingwall,tdingwallel@reddit.com,Female,132.146.80.150,2012/01/23,,3N1AB7AP7FL251082,1993
527,Miquela,Garrigan,mgarriganem@kickstarter.com,Female,203.62.146.69,2007/09/22,Corsica,JN8AF5MR1DT882362,1996
528,Waiter,Martinovsky,wmartinovskyen@jiathis.com,Male,123.88.97.189,2003/03/25,LTD,19UUB2F56FA679139,1985
529,Gregor,Nehlsen,gnehlseneo@soup.io,Male,,2008/11/12,,WAUBVAFB3AN260869,1995
530,Ronda,Lambertz,rlambertzep@bbb.org,Female,81.91.29.128,2019/05/20,Outback,SCFAD22383K249278,2003
531,Matt,Cooling,mcoolingeq@pbs.org,Male,176.246.124.122,2012/11/18,,3N1AB7AP7FL322622,
532,Vernor,Berk,vberker@abc.net.au,Male,187.69.184.12,2020/08/27,,1FTDS3EL1AD707180,2003
533,Conrado,Fyall,,Male,57.46.12.175,2005/10/17,,1C3ADEAZ6DV264064,1998
534,Tamera,Danielsohn,tdanielsohnet@cocolog-nifty.com,Polygender,,2021/05/12,Town Car,1G6KE57Y43U279651,1992
535,Melonie,Venning,mvenningeu@earthlink.net,Female,140.33.125.175,2018/12/28,ES,WA1WMAFE7FD972648,2009
536,Sophia,Print,sprintev@yolasite.com,Female,0.108.49.243,2006/12/20,,WBAGH834X1D433563,2007
537,Jone,Lickorish,jlickorishew@technorati.com,Male,46.83.127.29,2019/05/28,Nubira,1FTEX1E89AF082912,2002
538,Lira,Arundel,larundelex@mediafire.com,Female,221.188.215.17,2023/08/14,,1B3CB2HA3AD101044,1999
539,Yetta,Poundesford,ypoundesfordey@skype.com,Female,122.148.152.241,2013/10/10,Yukon XL 2500,2T1KE4EE9DC675668,2009
540,Orton,Miner,ominerez@spotify.com,Male,118.183.24.215,2015/12/21,,3G5DA03L96S805752,2008
541,Ilaire,Rosendale,irosendalef0@washington.edu,Male,112.223.234.99,2006/03/17,Skylark,WAULC68E33A417986,1996
542,Blanche,Jilkes,bjilkesf1@stanford.edu,Female,,2014/07/20,Loyale,SCBBP93W59C775045,1991
543,Aubry,Dumphrey,adumphreyf2@cisco.com,Female,77.29.223.142,2016/06/14,F-Series,1FTEX1CM5BK852385,2001
544,Livvyy,Logsdale,llogsdalef3@army.mil,Female,114.134.242.153,2018/11/01,riolet,WBA3A9G59DN680454,1993
545,Filmer,Ledbury,fledburyf4@godaddy.com,Male,203.67.250.92,2020/03/07,MKZ,1C4RDJEG8EC065501,2007
546,Pancho,Hamor,phamorf5@wisc.edu,Non-binary,154.216.189.156,2004/02/12,Suburban 2500,JTDKTUD30DD809377,1996
547,Penni,Frape,pfrapef6@last.fm,Female,61.162.8.243,2020/06/13,M3,SAJWA6FC1E8533495,2004
548,Peg,Peotz,ppeotzf7@geocities.jp,Female,225.119.93.138,2017/12/30,,YV4952CT8C1279008,1994
549,Boonie,Inett,binettf8@state.tx.us,Male,163.41.11.188,2015/08/08,,KNADH5A33A6981744,2007
550,Lotti,Edgell,ledgellf9@nydailynews.com,Female,161.133.121.124,2021/09/19,,5UXWX9C53D0164445,2005
551,Frayda,Manford,fmanfordfa@about.com,Female,202.161.21.175,2022/02/24,,WA1LMAFE9FD416540,
552,Niel,Pettengell,npettengellfb@google.fr,Male,153.138.112.132,2015/05/01,Ram 1500,2LMDJ6JK5FB298392,1998
553,Kaja,Cunniff,kcunnifffc@hud.gov,Female,,2013/07/27,Escalade ESV,WAUHFAFL1EA381820,2009
554,Had,De Lasci,hdelascifd@bluehost.com,Male,,2013/11/10,XL-7,WBA3A5G52DN035413,2003
555,Rosa,Neward,,Female,66.135.187.66,2003/09/23,,WAUVC68E15A040716,2010
556,Essie,Springtorpe,espringtorpeff@networksolutions.com,Female,60.59.57.6,2023/10/14,Suburban 2500,3N1CN7AP2FL945842,1995
557,Sondra,Cray,scrayfg@yandex.ru,Genderqueer,217.238.82.182,2008/03/03,R32,2G61P5S36F9900911,2008
558,Susanna,Rathbone,srathbonefh@blinklist.com,Female,142.217.111.78,2019/04/25,,3N1CN7AP0FL078246,2004
559,Bartlett,Golsby,bgolsbyfi@rediff.com,Male,183.100.168.138,2014/07/15,xD,2G4GT5GX9E9420208,2010
560,Leonerd,Jewson,ljewsonfj@blinklist.com,Male,63.44.109.121,2009/07/04,SC,1G6DV1EP2E0577797,1998
561,Damien,Labusch,dlabuschfk@businesswire.com,Male,,2019/06/12,Cougar,3GYFNBE38FS209802,1984
562,Pauline,Hoggan,phogganfl@skyrock.com,Female,82.211.27.20,2015/02/08,62,1GYEC63888R627516,2011
563,Teresita,Baroch,tbarochfm@umich.edu,Female,87.190.124.57,2022/07/21,,ZFBCFABH0FZ881262,1989
564,Ali,Kiddle,akiddlefn@imageshack.us,Female,,2016/03/30,Cayenne,2C4RDGEG8CR000123,2009
565,Sven,Winkell,swinkellfo@yellowbook.com,Male,17.28.250.1,2008/06/17,,2G4WS52J611376906,2011
566,Gail,Trewhella,gtrewhellafp@economist.com,Male,160.144.42.255,2010/06/08,,1C4SDJCT0DC651254,2002
567,Brittani,Esherwood,besherwoodfq@theguardian.com,Female,25.46.165.144,2015/04/16,Express 1500,1D4PU7GX4AW632712,2009
568,Elberta,Thieme,,Female,,2008/12/24,CR-X,WAUKH78E98A183413,1984
569,Tamera,Roantree,troantreefs@geocities.jp,Genderqueer,,2009/04/05,Truck,WAUGN74F69N703719,1996
570,Massimo,Tomsa,mtomsaft@mac.com,Male,159.39.21.234,2007/12/29,,5N1AA0NC9EN103296,2006
571,Sabrina,Dorricott,sdorricottfu@ycombinator.com,Female,141.200.131.48,2013/08/28,,5N1BA0ND6FN757882,1998
572,Belle,Southern,bsouthernfv@zimbio.com,Female,,2003/08/18,Mini,SCBFT7ZA1FC097208,1963
573,Garner,Helliker,ghellikerfw@prnewswire.com,Male,81.239.132.174,2010/12/02,Suburban 2500,1G6AE1RX0F0967991,1999
574,Erhart,Lupson,elupsonfx@quantcast.com,Male,,2011/03/26,Frontier,WBAGL83504D233738,2006
575,Arlena,Balogh,abaloghfy@google.it,Female,140.3.195.173,2014/01/01,,WAU3FAFR4CA243670,2008
576,Brenda,Duggan,bdugganfz@mozilla.org,Female,119.74.173.5,2005/04/22,MKT,1GYFK63838R867984,2013
577,Kristan,Matusovsky,kmatusovskyg0@ca.gov,Female,,2011/06/17,,5N1AR1NB3CC579364,2002
578,Dov,Tettley,dtettleyg1@tripadvisor.com,Male,213.24.176.62,2021/03/23,,1C6RD6GP9CS852140,
579,Nevil,Hasard,nhasardg2@usa.gov,Male,9.40.202.251,2012/02/02,Celica,WAUPEAFM8BA392378,1997
580,Faye,O'Siaghail,fosiaghailg3@spiegel.de,Female,129.102.178.135,2021/07/06,Brat,WAUXG74F09N338027,1984
581,Brooks,Attwill,battwillg4@ed.gov,Male,64.9.39.143,2021/10/26,Eurovan,WBA3C1G57EN317406,1993
582,Burnaby,Oswick,boswickg5@mayoclinic.com,Male,200.40.252.178,2011/10/25,,WAUHE78P19A173772,2001
583,Hansiain,Hamson,hhamsong6@ameblo.jp,Male,,2019/08/03,Skyhawk,1LNHL9DR4BG719197,1987
584,Twila,Gubbin,tgubbing7@walmart.com,Female,185.193.194.209,2009/01/29,NSX,1GYS3EEJ8BR775394,1998
585,Sharyl,Timbridge,stimbridgeg8@unicef.org,Female,49.17.6.234,2021/04/03,Sonata,WBANE53536C682291,2007
586,Reinold,Dillingham,rdillinghamg9@biblegateway.com,Male,193.132.101.23,2018/09/01,,JN1CV6AP1AM075705,2005
587,Pooh,Cretney,pcretneyga@reddit.com,Male,26.222.222.4,2016/12/22,TSX,2G4WC562651285463,2005
588,Chrotoem,Boni,cbonigb@springer.com,Male,,2010/05/29,GX,1G4GF5E3XCF910295,2007
589,Devlin,Galle,dgallegc@marriott.com,Male,247.169.29.52,2008/10/17,Econoline E350,5GADV23117D731673,2002
590,Kincaid,Canellas,kcanellasgd@imdb.com,Male,137.248.86.81,2007/07/05,Entourage,SCBEC9ZA1FC100504,2009
591,Gunter,Harbar,,Male,215.64.16.8,2020/12/06,Grand Cherokee,3N1BC1AP8AL220141,2002
592,Goddart,Swanborrow,gswanborrowgf@scientificamerican.com,Male,140.223.21.192,2011/05/10,S40,1G6DP577X60128139,2007
593,Hamish,Crosier,hcrosiergg@twitpic.com,Male,135.187.54.164,2017/11/15,Festiva,5UMBT93506L090331,
594,Marylee,Rouf,,Female,54.59.62.130,2020/04/15,CL,2G4GV5EV0B9724521,1997
595,Karoly,Inkle,kinklegi@buzzfeed.com,Male,106.71.180.254,2003/02/26,ES,5N1AR2MM0FC166363,2007
596,Manolo,Eustace,meustacegj@indiegogo.com,Male,195.7.68.118,2020/05/10,,5NPE24AF1FH197668,2006
597,Reyna,Frensche,rfrenschegk@squarespace.com,Female,187.136.52.6,2012/11/16,Taurus,WA1C8BFP9DA462010,2005
598,Sheela,Stormes,,Female,245.229.108.103,2021/10/13,B-Series Plus,WAULT58E45A046494,2002
599,Maurita,Bibbie,mbibbiegm@spiegel.de,Female,20.12.64.7,2011/05/15,,ZHWGU5BZ1CL924436,1994
600,Theodor,Skepper,tskeppergn@mapy.cz,Male,201.232.23.228,2010/08/09,S40,WAUGVAFR2BA988453,2010
601,Clementine,Lugton,clugtongo@google.com.br,Agender,175.238.123.174,2009/02/24,Escalade ESV,SCBEC9ZA1EC017041,2008
602,Frankie,Beckwith,fbeckwithgp@home.pl,Male,152.38.213.103,2022/08/08,W126,SALFP2BN0AH254829,1983
603,Bertram,Ferrotti,bferrottigq@hao123.com,Male,78.128.13.188,2016/09/02,,KMHGH4JF1BU506249,2007
604,Lesli,Reinbeck,lreinbeckgr@lulu.com,Female,223.75.240.17,2011/11/25,SL-Class,WAUBF98E18A366015,1998
605,Aristotle,Davidesco,adavidescogs@blinklist.com,Male,104.93.122.187,2007/01/30,Monte Carlo,1FTMF1E81AK445953,1998
606,Gar,Nuccitelli,gnuccitelligt@walmart.com,Non-binary,155.163.169.164,2014/02/24,,WBA5B1C50FG411036,1998
607,Ruth,Hayles,rhaylesgu@g.co,Female,240.41.79.51,2021/11/09,,1G6DS5E35C0676222,2012
608,Barrie,Gallop,bgallopgv@samsung.com,Bigender,,2018/05/29,,WAUEF78E17A215174,2009
609,Ennis,Colenutt,ecolenuttgw@mashable.com,Male,178.50.232.245,2008/09/26,,WBABN33493P743131,1993
610,Bryana,Corkhill,bcorkhillgx@reuters.com,Female,223.173.125.4,2021/01/18,Tacoma,JH4CL96864C091414,2005
611,Wilt,Jestico,wjesticogy@cbslocal.com,Male,159.161.134.218,2017/10/10,Range Rover,3C3CFFER2CT419243,1987
612,Eddie,Ferrand,eferrandgz@ezinearticles.com,Male,,2014/07/05,Bronco,1FTWW3B59AE295359,1992
613,Yardley,Byrd,,Male,52.75.197.3,2020/12/13,,2C3CDXGJ7CH444487,1993
614,Laurent,Jurgenson,ljurgensonh1@umn.edu,Male,113.98.183.62,2006/05/31,,3C6TD4MT6CG102990,2006
615,Samuel,Strowger,sstrowgerh2@yolasite.com,Male,,2010/02/20,E-Series,WAUJT54B12N020278,1985
616,Darline,Dudding,dduddingh3@army.mil,Female,238.108.169.200,2020/11/03,,5BZBF0AA9EN417416,2004
617,Belva,Merrgan,bmerrganh4@zdnet.com,Female,,2020/03/11,,5FPYK1F59EB489519,2001
618,Rufus,Sandy,rsandyh5@mediafire.com,Male,194.201.93.242,2017/05/31,,JN1CV6EK6AM554751,1997
619,Lavinie,Magnar,lmagnarh6@so-net.ne.jp,Bigender,,2023/07/08,,JTDKTUD38DD251245,
620,Torry,Yanin,tyaninh7@exblog.jp,Male,,2003/04/02,Yukon,1GD422CG1EF608643,2013
621,Randee,Enrique,renriqueh8@scribd.com,Female,0.91.33.197,2019/09/29,,WBAYP1C52ED582787,2011
622,Ainsley,Jzhakov,ajzhakovh9@parallels.com,Non-binary,27.102.80.200,2004/01/30,,YV1982BW3A1422847,2008
623,Avis,Piggford,apiggfordha@youku.com,Female,153.204.78.111,2013/11/15,Camaro,JN1CV6EK8EM734044,2011
624,Aliza,Carding,acardinghb@acquirethisname.com,Female,14.255.153.175,2011/03/31,RX,WBANB33514B069232,
625,Clea,Crippen,ccrippenhc@rediff.com,Female,237.239.170.15,2017/01/09,V70,SCBZK22E72C381064,
626,Zaneta,Enticknap,,Female,105.213.25.32,2017/02/05,,5XYZG3AB5BG388022,1997
627,Thaddus,Keeping,tkeepinghe@aol.com,Male,203.225.24.224,2007/02/09,,WBADN634X3G277042,
628,Theresina,O' Driscoll,todriscollhf@independent.co.uk,Female,35.102.233.213,2019/09/29,Escape,WBAPH5C53BA719930,2001
629,Bryan,Brimmicombe,bbrimmicombehg@mit.edu,Agender,142.64.189.49,2008/03/30,,WBA3T3C52EJ488833,2007
630,Chan,Moyler,cmoylerhh@reverbnation.com,Male,,2012/10/30,Mustang,3C63D2CL6CG932696,1980
631,Jabez,Mortell,jmortellhi@salon.com,Male,72.153.55.188,2002/12/26,Frontier,5N1AR2MM1EC934110,2002
632,Miof mela,Pigden,mpigdenhj@livejournal.com,Female,11.167.111.221,2006/11/10,626,WBAPH73599E251801,
633,Hannah,Cobain,hcobainhk@behance.net,Female,,2005/03/04,Clubman,5FRYD4H93GB558100,2009
634,Deck,Dufton,dduftonhl@google.cn,Male,218.146.223.241,2012/06/29,Silverado 2500,3D73M4CL7BG090914,2010
635,Gianni,Harsnipe,gharsnipehm@nhs.uk,Male,110.5.77.166,2007/08/11,Savana 2500,NM0KS9ANXAT222804,2008
636,Mora,Kidstoun,mkidstounhn@sun.com,Female,57.192.75.121,2014/03/18,,1FTWX3D51AE703797,
637,Rosmunda,Daens,rdaensho@hostgator.com,Female,85.71.17.211,2012/03/20,Aerostar,19UUA9F54CA319150,
638,Lurleen,Szymonowicz,lszymonowiczhp@amazonaws.com,Female,151.189.198.215,2012/04/02,,SAJWA4EC1FM901107,
639,Twila,Aloshechkin,taloshechkinhq@ucla.edu,Female,198.182.147.118,2022/03/15,Miata MX-5,5FRYD3H22FB968205,1999
640,Amelina,Sherrin,asherrinhr@vimeo.com,Female,169.205.208.125,2021/01/08,Escalade,WBABS33413P713730,2012
641,Simon,Mendes,smendeshs@constantcontact.com,Male,188.236.72.16,2009/02/11,,WBS3C9C50FJ698718,2001
642,Glenn,Kalewe,gkaleweht@godaddy.com,Female,,2018/02/21,XF,1GYS3JKJ2FR497160,2012
643,Eleanore,Shattock,eshattockhu@goo.ne.jp,Polygender,,2018/03/21,,JA32X8HW8EU301691,2004
644,Collin,Huot,chuothv@google.com.hk,Male,,2022/03/29,Savana 3500,WBA3R1C53FF346613,2005
645,Almire,Hachette,ahachettehw@auda.org.au,Female,222.138.172.236,2003/10/07,Integra,3N1CE2CP5EL596075,1988
646,Wald,Evemy,wevemyhx@wunderground.com,Male,103.100.88.96,2009/11/01,,1GD22ZCG1CZ027641,
647,Jeanna,ffrench Beytagh,jffrenchbeytaghhy@gnu.org,Female,,2023/11/26,Prelude,WAUPEAFM6CA102883,1999
648,Henrik,Hazelby,hhazelbyhz@naver.com,Male,53.242.95.101,2018/11/10,Cougar,JH4DC548X2C752648,1988
649,Kyle,Goose,kgoosei0@soundcloud.com,Bigender,25.105.134.34,2006/08/31,,1FTSW2A5XAE809469,
650,Clem,Targetter,ctargetteri1@aboutads.info,Female,106.79.208.126,2007/09/08,SJ 410,2G4WF521841357444,1984
651,Kathye,Langtree,klangtreei2@omniture.com,Female,188.97.66.148,2011/03/02,Rainier,SALAG2V69EA505991,2004
652,Lainey,De'Ath,ldeathi3@ox.ac.uk,Female,154.225.199.30,2003/03/05,,WAUDFAFL7BA081869,1996
653,Iago,Harnott,iharnotti4@xinhuanet.com,Male,159.254.108.190,2022/08/05,Maxima,SALGS2TFXFA075398,1995
654,Thibaud,Sikora,tsikorai5@domainmarket.com,Male,243.48.41.83,2018/12/16,,KNAGM4A72B5972112,
655,Isidoro,Dunford,idunfordi6@parallels.com,Male,161.60.125.209,2011/08/13,F350,3D7TT2CT6AG411718,1997
656,Wallis,Skinner,wskinneri7@whitehouse.gov,Female,151.126.207.2,2019/03/29,,1D4RE5GG7BC632751,1989
657,Karlotta,Fieldsend,kfieldsendi8@geocities.jp,Non-binary,38.20.166.72,2023/01/19,Jetta,5N1AA0NDXFN711869,2002
658,Alejandrina,Carl,acarli9@microsoft.com,Female,177.138.220.89,2003/11/12,Frontier,WAUDG94F75N187261,2005
659,Annnora,Breache,abreacheia@ebay.co.uk,Female,172.155.188.112,2013/01/25,,1VWAS7A31FC816476,1984
660,Rutledge,Glander,rglanderib@furl.net,Male,243.241.188.64,2015/11/18,M,WAURMAFD5EN548661,2011
661,Denver,Truman,dtrumanic@elpais.com,Male,122.109.11.28,2014/07/04,Ram 3500,WAULK78K59A266074,1994
662,Tadio,Cordy,tcordyid@mapquest.com,Male,65.217.52.228,2021/03/15,New Beetle,5N1AR1NB6CC183509,2003
663,Vivyanne,Cattonnet,vcattonnetie@craigslist.org,Female,,2009/04/04,E-Class,2C3CDXCT7DH286810,1998
664,Brod,Wickett,bwickettif@ustream.tv,Male,98.100.202.120,2022/01/28,Mirage,5UXFB53564L681129,1998
665,Noble,O'Sirin,nosirinig@narod.ru,Male,34.146.50.191,2007/12/07,Prizm,5N1AZ2MG6FN974232,2001
666,Farley,Trawin,ftrawinih@businessinsider.com,Male,6.47.222.30,2013/03/01,,WDDNG9FB6DA929078,1996
667,Iosep,Conrad,iconradii@prweb.com,Male,137.21.97.103,2008/09/21,5 Series,3GYEK62N05G171811,1994
668,Vick,Butte,vbutteij@amazon.co.jp,Male,2.250.34.200,2006/03/30,,JTDBT4K36B4443067,
669,Berkley,de Copeman,bdecopemanik@themeforest.net,Agender,203.3.226.92,2010/12/06,H2,WAUDGAFL4BA941532,2009
670,Vernen,Wasselin,vwasselinil@desdev.cn,Male,142.59.59.16,2004/11/06,,JH4CU4F45BC728657,1995
671,Brana,Paye,bpayeim@posterous.com,Female,31.252.229.161,2017/01/05,Accent,WBAYP9C57DD210732,2002
672,Neal,Loweth,nlowethin@spiegel.de,Polygender,106.242.13.114,2012/05/12,,WAUMFAFR5FA463165,1999
673,Peterus,Mettrick,pmettrickio@prnewswire.com,Male,182.92.76.25,2008/01/08,G-Series G30,1G4GG5E37DF737463,1992
674,Elsey,Moisey,emoiseyip@prnewswire.com,Female,228.152.55.144,2021/10/17,Savana 1500,JH4CL95995C034278,2003
675,Tybalt,Chestnut,tchestnutiq@cloudflare.com,Male,202.11.188.41,2019/01/08,,3D7TP2CT8BG821894,
676,Kleon,Forsythe,kforsytheir@histats.com,Male,173.214.249.58,2023/01/06,Neon,WA1LYBFE4AD233646,2000
677,Fawnia,Paunsford,fpaunsfordis@google.com.br,Female,221.143.138.134,2003/05/31,tC,1FA6P0G72F5607981,2010
678,Evonne,Goodboddy,egoodboddyit@a8.net,Female,246.223.138.4,2008/04/24,New Beetle,JHMZE2H38CS896610,1999
679,Rubetta,Millichap,rmillichapiu@businessinsider.com,Female,,2004/10/22,Skylark,1GYFK43539R261077,1994
680,Kinna,Droghan,kdroghaniv@tumblr.com,Female,114.191.25.170,2019/03/27,,WBSDX9C57DJ775445,2002
681,Kyrstin,Buy,kbuyiw@ucoz.ru,Female,176.185.15.13,2015/01/22,Econoline E150,JH4CL95814C500520,2002
682,Iago,Betjeman,,Agender,246.250.136.147,2020/11/19,,SALAG2D42BA538780,1987
683,Percival,Pickford,,Male,233.17.126.32,2008/10/25,G-Series G10,5YMGZ0C53D0549863,1995
684,Jeffrey,Barrass,jbarrassiz@ted.com,Male,,2021/03/11,Ascender,WAUVC68E53A310298,
685,Kerrie,Onele,konelej0@com.com,Female,107.202.33.192,2007/01/14,,YV4952CT3E1839102,2002
686,Travus,Dibdin,tdibdinj1@nyu.edu,Genderfluid,131.58.218.220,2018/07/17,Grand Prix,SCBLC37F05C304289,1982
687,Baily,Nuccitelli,bnuccitellij2@mysql.com,Male,142.167.202.171,2021/11/11,QX,1FTSW3A51AE759051,1998
688,Lillis,Gatlin,lgatlinj3@umich.edu,Female,,2022/07/29,,WAUWGBFC9EN281788,1990
689,Malissa,Okenfold,mokenfoldj4@ucoz.ru,Female,115.215.7.200,2011/03/18,,1FMJK1F56CE137399,2002
690,Durante,Airlie,dairliej5@free.fr,Male,114.155.255.171,2009/01/27,Avalanche 2500,3C3CFFER0FT765408,2005
691,Chrisy,Searsby,csearsbyj6@goo.ne.jp,Male,82.5.104.228,2020/07/07,,WAUAF78E48A154645,2008
692,Mason,Hodges,mhodgesj7@statcounter.com,Male,67.105.161.17,2004/07/02,,5UXZV4C50CL170335,2008
693,Michail,Badwick,mbadwickj8@slate.com,Male,107.132.149.29,2023/09/30,,4JGCB2FE0CA767198,1994
694,Eloise,Farrant,efarrantj9@sun.com,Female,135.173.53.182,2017/10/11,Venza,JTHDL5EF1F5100220,2012
695,Cecil,Dyer,cdyerja@google.fr,Male,134.7.34.118,2020/10/30,Trooper,WAUFFAFM7AA436300,1999
696,Willie,Goodie,wgoodiejb@imdb.com,Male,,2018/03/18,,SCFAB02A06G685378,2004
697,Dirk,Casolla,dcasollajc@instagram.com,Male,85.250.213.170,2015/05/10,Mighty Max Macro,2G4GK5EX6E9358269,1993
698,Horst,Dougary,hdougaryjd@pen.io,Male,,2016/07/25,Defender Ice Edition,WAUYP54B51N956485,2010
699,Amandi,Bigg,abiggje@bing.com,Genderqueer,0.213.185.107,2009/09/04,,JH4CU2F65BC247880,2012
700,Winni,Monks,wmonksjf@marriott.com,Female,149.16.255.133,2021/09/18,Chariot,JTDZN3EU0E3585139,1987
701,Marlee,Carette,mcarettejg@shareasale.com,Female,220.77.211.29,2014/05/24,Esperante,1GYEK63N13R971691,2007
702,Rodrique,McInnery,rmcinneryjh@t-online.de,Male,148.246.161.97,2018/03/13,,WBABS53472J471510,2009
703,Gery,Kamen,gkamenji@china.com.cn,Male,139.44.59.46,2003/04/04,GX,SAJWA6A74F8282614,2010
704,Darsey,Risdall,drisdalljj@disqus.com,Female,160.236.236.86,2023/01/04,Safari,WAUNF98PX7A680596,2000
705,Whitaker,Benning,wbenningjk@newyorker.com,Male,126.141.204.148,2021/01/12,6 Series,3VW117AU9FM215987,2010
706,Martelle,Scholfield,mscholfieldjl@theguardian.com,Bigender,200.115.246.58,2014/03/17,,WBAGL83595D017050,2000
707,Morris,Cornewell,mcornewelljm@rediff.com,Male,80.173.168.220,2006/05/20,Pajero,TRUWX28N721511855,1986
708,Cory,Reina,creinajn@google.ru,Genderfluid,,2016/04/06,,JM1NC2EFXA0830525,2009
709,Baxy,Dener,bdenerjo@is.gd,Male,185.75.29.130,2020/09/09,Tacoma,SCFEBBAK1EG390716,2004
710,Eric,Sanches,esanchesjp@telegraph.co.uk,Male,1.36.108.103,2020/09/18,350Z,WVWDB7AJ8EW777204,2004
711,Daren,Ganderton,dgandertonjq@rambler.ru,Male,92.162.81.112,2009/04/29,,WAUEG98E06A470955,2007
712,Orazio,Baldelli,obaldellijr@loc.gov,Male,,2010/03/05,Ram Van 3500,JTHBP5C20B5457703,1998
713,Odessa,Tarren,otarrenjs@qq.com,Genderfluid,244.112.76.84,2013/10/01,Amigo,KNADH5A32A6229291,1999
714,Jarrad,Santori,jsantorijt@bing.com,Bigender,43.121.123.52,2021/08/23,J,WBA3N5C54FK689781,1993
715,Hale,Franchioni,hfranchioniju@yale.edu,Male,21.47.224.228,2011/10/25,,WBAYM9C56ED863126,1992
716,Kalie,Smewings,ksmewingsjv@tmall.com,Female,63.104.105.59,2014/01/31,Avalon,WAUVFAFR3CA021372,2005
717,Sybila,Phippen,sphippenjw@jigsy.com,Female,187.16.220.202,2014/11/03,E-Series,WBALL5C52EP521239,1986
718,Livy,Marriage,lmarriagejx@java.com,Female,139.243.202.131,2021/08/22,Alero,JH4KB16537C784211,2002
719,Gene,Windmill,gwindmilljy@google.de,Female,71.31.182.210,2010/01/19,Eurovan,3VW8S7AT2FM961605,2003
720,Heddi,Phython,hphythonjz@163.com,Female,169.18.126.118,2018/10/19,,3VWML7AJ5CM221357,2007
721,Pauletta,Wolver,pwolverk0@google.fr,Female,249.110.44.168,2006/04/04,V70,WDDLJ6FB6FA917166,2004
722,Malvin,Esslemont,messlemontk1@europa.eu,Male,107.117.27.203,2011/09/08,Express 3500,5YMKW8C51F0024224,
723,Cherice,Montez,cmontezk2@ucla.edu,Female,217.249.200.186,2017/02/08,Cavalier,JH4NA12611T892722,1993
724,Bevon,Knightly,bknightlyk3@nbcnews.com,Male,87.43.183.69,2015/05/19,,WDDGF4HB0DF677990,1995
725,Tiffanie,Southerns,tsouthernsk4@yelp.com,Female,198.240.252.164,2018/11/08,,WAUVT68E62A495492,1998
726,Fritz,Yurocjhin,fyurocjhink5@usa.gov,Male,,2012/07/28,7 Series,1GYEC63868R953511,1996
727,Christin,Aldous,caldousk6@skype.com,Female,61.4.54.233,2006/05/27,X5,3GYT4MEF8BG659362,2008
728,Tudor,Ovitz,tovitzk7@lulu.com,Male,80.59.3.68,2023/03/08,,WA1VGBFP9EA231184,2006
729,Annemarie,Manvell,amanvellk8@google.com.hk,Female,198.29.115.216,2012/01/07,Thunderbird,19UUA66257A197618,1980
730,Belia,Harnetty,bharnettyk9@multiply.com,Female,73.227.150.4,2009/10/07,,5FRYD4H46FB103020,2004
731,Edna,Hasloch,ehaslochka@domainmarket.com,Female,,2015/05/21,Tracer,JM1CR2W35A0038812,1994
732,Milt,Carnier,mcarnierkb@prlog.org,Male,,2009/12/08,,2C3CDXDT2EH418002,1993
733,Hadleigh,Frier,hfrierkc@symantec.com,Male,135.212.84.203,2015/11/02,4Runner,WBY2Z2C53FV494267,1995
734,Cecile,Balston,cbalstonkd@de.vu,Female,198.154.30.32,2003/06/24,Dakota Club,1FTEW1C83AK875863,2006
735,Leopold,Skully,lskullyke@de.vu,Male,80.158.214.209,2006/11/04,Expedition,1GD02ZCGXEF282736,1998
736,Jesus,Izhaky,jizhakykf@earthlink.net,Male,114.59.168.238,2014/12/30,Corolla,1FTMF1CW2AK889540,1996
737,Katy,Donn,kdonnkg@booking.com,Female,234.33.90.88,2022/01/18,V70,WUARL48H57K036347,2004
738,Leanna,Metzel,lmetzelkh@rakuten.co.jp,Female,66.252.123.134,2014/07/13,Integra,JH4DC54872C927776,2000
739,Vanessa,McGillicuddy,vmcgillicuddyki@wordpress.org,Female,80.200.30.198,2022/04/24,RX-7,WUAGNAFG1CN658513,1986
740,Quill,Szymonwicz,qszymonwiczkj@infoseek.co.jp,Male,174.66.32.253,2018/10/14,Excel,KMHEC4A45FA936023,1994
741,Isobel,Chasson,ichassonkk@shutterfly.com,Female,171.244.233.62,2018/07/08,,WAUEG74F96N403606,1997
742,Lucien,Duckerin,lduckerinkl@scientificamerican.com,Male,,2016/12/18,,4T1BD1EB4FU679202,2006
743,Claudette,McCarrison,,Female,31.244.199.81,2008/11/09,Accord,3VW117AU5FM007945,1986
744,Andi,Vickar,avickarkn@123-reg.co.uk,Female,59.8.207.69,2009/03/30,,WAULT54B13N583731,1994
745,Gregorio,Pleass,gpleassko@google.ca,Male,,2012/10/29,Yukon XL,KM8JT3ABXCU567659,2006
746,Gerianna,Aldous,galdouskp@weibo.com,Female,,2018/02/21,LS,KNDPB3A21B7166709,2007
747,Uriel,Engel,uengelkq@skype.com,Male,55.226.23.165,2005/04/13,,1GYFK23209R290997,2002
748,Martin,Millam,mmillamkr@dyndns.org,Male,,2020/05/24,Verano,1D4PU4GK9BW777734,2012
749,Drucy,Peltz,dpeltzks@japanpost.jp,Female,,2021/01/14,9000,3D4PG9FG4BT689682,1994
750,Weston,Henaughan,whenaughankt@barnesandnoble.com,Male,46.102.102.61,2019/07/05,ES,WA1YL64B04N213591,1994
751,Fallon,Poynser,fpoynserku@freewebs.com,Female,79.19.93.78,2009/03/14,Escape,WDCYC3HF2BX108371,2000
752,Jayme,Giddy,jgiddykv@discuz.net,Male,3.89.154.225,2021/07/31,,1FTEX1C8XAF649082,
753,Casandra,Cornil,ccornilkw@hugedomains.com,Agender,,2023/01/10,Eclipse,5N1AR1NB9CC841811,1993
754,Aliza,Alvarez,aalvarezkx@indiegogo.com,Female,103.98.228.101,2010/03/07,,1N4AB7AP1DN835672,1998
755,Cassius,Bagnall,cbagnallky@google.com.hk,Male,23.100.196.170,2023/10/24,,3VWJX7AJ6AM938581,2010
756,Evangelina,de Keep,edekeepkz@virginia.edu,Female,252.223.124.19,2013/12/16,New Beetle,1G6AL5S34D0531355,2004
757,Andrei,Feeley,afeeleyl0@buzzfeed.com,Female,193.252.130.239,2022/08/17,,1GYS3RKJ7FR327343,2010
758,Adolf,Tondeur,atondeurl1@whitehouse.gov,Male,252.37.61.51,2021/09/09,Taurus,19VDE1F58DE460282,
759,Rem,Yewen,ryewenl2@earthlink.net,Bigender,54.24.79.65,2007/07/03,Savana 1500,WA1LMBFE8BD032569,2002
760,Gloria,Manolov,gmanolovl3@typepad.com,Female,163.50.39.196,2005/05/20,Spyder,1G6DM1E36C0650215,2004
761,Lucian,Skaif,lskaifl4@google.co.jp,Male,70.135.134.2,2009/10/18,,1G6DM56T350610554,2006
762,Luis,Cuffley,lcuffleyl5@mac.com,Male,177.230.14.182,2009/05/18,Avenger,2C3CDZFJ1FH985813,
763,Frazer,Kirkland,fkirklandl6@cmu.edu,Male,150.146.175.223,2014/09/18,Continental,WBADX1C56DJ476308,1990
764,Angelita,Fancy,afancyl7@opera.com,Female,52.5.10.56,2018/11/17,,WDDHF7GB1FB868898,2007
765,Stevie,Bellson,sbellsonl8@mlb.com,Male,201.122.63.97,2011/02/19,GTI,1FTEX1EW0AF918167,1995
766,Hy,Tenant,htenantl9@cbsnews.com,Male,214.50.180.197,2013/08/23,,WBADT43452G420097,
767,Zed,Croyden,zcroydenla@parallels.com,Male,157.28.147.165,2011/11/28,164,1G6AH5RX6E0714820,1993
768,Arline,Paladino,apaladinolb@mediafire.com,Female,255.147.13.130,2019/03/12,L-Series,1G6DW677460716255,2005
769,Stanleigh,Mc Pake,smcpakelc@irs.gov,Male,43.241.243.26,2017/02/19,,JH4KA96672C434471,2004
770,Alyce,Feedham,afeedhamld@yandex.ru,Female,98.77.154.249,2005/01/05,,WAUMFAFL3AN801983,2002
771,Frants,Francino,ffrancinole@google.de,Male,62.206.78.160,2010/02/10,Corolla,WP0AB2A80CS704495,2011
772,Hall,Leal,hleallf@chronoengine.com,Male,154.18.14.122,2020/03/16,CLS-Class,JTJHY7AXXB4062899,
773,Yoshi,Geldart,ygeldartlg@state.gov,Female,50.146.95.78,2020/06/18,,WA1C8BFP3DA728329,
774,Tabor,Mazzilli,tmazzillilh@jalbum.net,Male,239.236.165.73,2020/11/29,Express 1500,WUAGL78E36A481365,2001
775,Babbie,Grebbin,bgrebbinli@com.com,Female,160.243.103.34,2005/04/30,,1G6YV36A575270461,2004
776,Ellen,Tondeur,etondeurlj@php.net,Female,213.227.176.180,2003/09/23,Gallardo,WDCYC3HF3CX371471,2010
777,Tracey,Bigglestone,tbigglestonelk@bluehost.com,Male,26.235.229.82,2004/04/21,Grand Am,19VDE1F58DE976187,
778,Charisse,Scaife,cscaifell@blogs.com,Polygender,54.7.232.184,2021/04/03,,JTHBE5C28B5954861,2009
779,Almeta,Dallander,adallanderlm@jimdo.com,Female,37.173.203.23,2023/08/15,,WAUUL98E48A133859,2003
780,Shae,Dannatt,sdannattln@cdbaby.com,Female,65.252.180.116,2010/07/01,,1N6AD0CU9FN590084,2011
781,Hi,Gaitone,hgaitonelo@linkedin.com,Male,,2023/05/06,,JH4CU2F64CC806367,2006
782,Omar,Livesley,olivesleylp@eventbrite.com,Male,,2014/06/07,Festiva,SCFFDCBD4CG484221,1992
783,Denys,Bonnell,dbonnelllq@stanford.edu,Male,24.62.16.238,2009/11/10,,1J4PN2GK0BW821449,2007
784,Conny,Inns,cinnslr@godaddy.com,Male,102.127.36.182,2013/03/26,,JTEBU5JR2F5319463,1993
785,Teri,Dallin,tdallinls@psu.edu,Female,,2006/03/21,,19UUA66226A805710,2010
786,Marv,Chicchelli,mchicchellilt@hostgator.com,Male,105.217.48.204,2018/08/01,,1C3CC5FB7AN629130,2006
787,Gottfried,Alcalde,galcaldelu@geocities.jp,Male,11.68.178.41,2012/10/25,,JM3KE2BEXE0512393,2005
788,Teodorico,Beardmore,tbeardmorelv@pbs.org,Male,3.141.123.62,2020/12/24,,1N6AD0CU3AC660487,1994
789,Rozamond,Gueinn,rgueinnlw@jiathis.com,Female,,2009/11/19,,3C4PDDDG6ET511577,1999
790,Hartwell,Tennock,htennocklx@flickr.com,Male,242.109.238.245,2021/01/16,GranTurismo,WBAYF8C58FD078404,2012
791,Lauryn,Kobelt,lkobeltly@furl.net,Female,62.189.12.198,2015/11/30,X-Type,KM8NU4CC7AU667595,2004
792,Joey,Forrestill,jforrestilllz@last.fm,Female,110.219.1.211,2012/10/20,,1FTMF1EW9AF295243,2011
793,Brion,Losano,,Polygender,,2013/10/29,XJ Series,WBA3T3C52EJ743027,1993
794,Lida,Zelland,lzellandm1@sohu.com,Female,,2007/08/20,Five Hundred,JTJBJRBZ0F2688324,2007
795,Tedman,Vernon,tvernonm2@altervista.org,Male,69.205.7.22,2016/04/24,Camry,WAUSH94F47N753920,1996
796,Bartholomeo,Domino,bdominom3@smugmug.com,Male,23.226.159.19,2010/11/10,VUE,1G6AL5SX4D0864318,2003
797,Lotti,Trumper,ltrumperm4@salon.com,Female,,2017/03/22,6000,WP0CB2A86CS100457,1990
798,Clay,Lenard,clenardm5@sourceforge.net,Male,,2014/06/18,,WAUEH98E37A321387,1993
799,Zeke,Vasquez,zvasquezm6@un.org,Male,222.126.175.173,2005/03/22,,WBAEB5C54AC617256,1994
800,Rosabella,Kobpac,rkobpacm7@state.tx.us,Female,68.21.125.169,2023/03/09,,1G4GC5G33FF616215,
801,Ailene,Tresise,atresisem8@un.org,Female,,2016/06/29,,1G6DM56T550090390,
802,Margit,Loughlin,mloughlinm9@fastcompany.com,Female,,2009/04/19,Sportage,WVGAV7AX0CW724360,
803,Shay,Justice,sjusticema@reference.com,Male,,2008/05/03,Vandura 1500,WAUKH94F17N252046,
804,Buddy,Barrett,bbarrettmb@friendfeed.com,Male,38.87.140.3,2013/04/14,Swift,KMHHT6KD2CU237014,1993
805,Gibb,Ferrandez,gferrandezmc@moonfruit.com,Male,55.52.64.45,2005/02/18,,WA1YD64B13N392431,1995
806,Angelica,Gerhartz,agerhartzmd@baidu.com,Female,151.51.96.89,2014/10/25,GTO,WBAPK5G53BN169360,1965
807,Normie,Eastridge,neastridgeme@zimbio.com,Male,206.121.189.211,2019/06/25,944,1D7CE3BK0AS953026,1987
808,Charla,Prattin,cprattinmf@wikia.com,Female,,2022/11/11,RX-8,WBXPC93469W191980,2004
809,Ania,Ayres,aayresmg@tuttocitta.it,Female,,2022/06/09,,1GD12YEG5FF488592,2012
810,Wendel,Katt,wkattmh@who.int,Male,,2023/07/08,,JH4CL95896C257333,2000
811,Claretta,MacNelly,cmacnellymi@drupal.org,Female,14.115.19.199,2007/01/19,MX-5,WBAUP9C59CV280675,2011
812,Ray,Littlecote,rlittlecotemj@va.gov,Female,,2011/02/13,Nubira,19UUA65565A315362,2000
813,Laurianne,Yegoshin,,Female,,2006/07/22,Navigator,JH4CL958X6C490895,2012
814,Dame,Pettiford,dpettifordml@blinklist.com,Male,92.222.243.131,2016/01/22,,JM1CW2BL1C0918746,
815,Jania,Oulett,joulettmm@cnbc.com,Female,180.92.108.222,2019/04/08,,WAUDFBFC0CN833279,1997
816,Garret,Scoffins,gscoffinsmn@auda.org.au,Male,178.197.199.21,2017/09/02,Continental,WA1CMBFP9EA984004,1994
817,Lidia,Mathison,lmathisonmo@wikispaces.com,Female,126.97.13.74,2021/02/04,,JN8AZ1MU2CW139176,2002
818,Rosemonde,Blint,rblintmp@dion.ne.jp,Female,88.139.127.83,2007/06/19,,1D4PT4GX4BW079627,
819,Adele,Spyer,aspyermq@bloglines.com,Female,103.135.123.105,2014/10/31,S-Class,WAUFGAFB6BN294348,2009
820,Marcello,Osbiston,mosbistonmr@wsj.com,Male,82.211.207.253,2015/10/27,MDX,5XYZG3AB6CG495095,2003
821,Ives,Duprey,idupreyms@sbwire.com,Male,237.121.193.13,2007/10/06,,SCFFDABE4CG632476,2009
822,Arabelle,Sudran,asudranmt@virginia.edu,Female,15.127.34.115,2004/04/15,Matrix,5GAEV13708J991181,
823,Cletis,Zylberdik,czylberdikmu@va.gov,Male,201.228.86.20,2012/03/07,,WAUWFAFR2BA374107,1996
824,Tessi,Boik,tboikmv@nsw.gov.au,Bigender,93.175.189.2,2006/07/01,,5N1AT2MK9FC360972,1994
825,Marline,Andresen,mandresenmw@123-reg.co.uk,Female,56.87.31.237,2003/10/09,,WAUGL78E75A741257,1993
826,Katharyn,Findlay,kfindlaymx@sphinn.com,Female,,2011/01/12,Grand Am,WBALX3C5XCC836609,1992
827,Ninon,Carlow,ncarlowmy@samsung.com,Female,,2011/05/08,940,JTDKN3DP2E3224685,1995
828,Richard,Woffenden,rwoffendenmz@mtv.com,Male,146.51.221.32,2011/05/18,,1C3CDZCB7DN377702,1994
829,Cathie,Whorton,cwhortonn0@networkadvertising.org,Female,,2017/09/30,Element,WAUMFAFL8DN038282,2008
830,Ignace,Dymond,idymondn1@naver.com,Non-binary,12.49.63.10,2021/04/12,Avalon,5LMJJ3H59BE336764,
831,Phillipe,Bernaldez,pbernaldezn2@arstechnica.com,Male,89.85.10.99,2020/07/25,,1FTFW1E84AK667184,1995
832,Emmalyn,Raulston,eraulstonn3@google.ca,Female,127.228.133.70,2012/05/05,Traverse,1FTSW3B5XAE189307,2010
833,Pierette,Vlasin,pvlasinn4@squidoo.com,Female,200.84.6.250,2014/07/15,,WAUWFAFH2CN075461,2009
834,Petronia,Rapinett,prapinettn5@europa.eu,Female,245.34.70.124,2003/04/11,Taurus,WBADS33403G052989,1989
835,Bartholomew,Borleace,bborleacen6@youtube.com,Male,161.43.95.193,2017/03/24,S10,WBSBL93402J099377,1993
836,Lelia,Ryce,lrycen7@harvard.edu,Female,199.83.170.122,2011/02/02,Town & Country,1GYS4EEJ9DR694484,1994
837,Paddie,Ryves,pryvesn8@cnet.com,Male,60.90.151.226,2016/02/01,,KMHTC6ADXEU988179,
838,Jacquette,Goodnow,jgoodnown9@blog.com,Female,126.6.147.96,2023/06/04,Range Rover,KNAGM4AD4D5458111,1999
839,Molli,Raddish,mraddishna@mashable.com,Female,,2020/01/03,Accord,3VW467AT9DM530906,1989
840,Bastian,Caulwell,bcaulwellnb@foxnews.com,Male,217.208.107.103,2019/10/26,E-Series,1GTC5MF96C8650890,2004
841,King,Powland,kpowlandnc@themeforest.net,Male,104.35.172.134,2005/04/06,,JH4DC53822C869058,2005
842,Yulma,Hutchens,yhutchensnd@boston.com,Male,220.56.16.229,2017/05/11,LX,WAUCFAFH2AN965197,
843,Goran,Guyonnet,gguyonnetne@weebly.com,Male,247.172.120.190,2022/03/31,Continental,2C3CDXJG5DH140184,1990
844,Andros,Charity,,Male,221.26.159.28,2011/06/08,,5NPEB4AC3BH763801,1993
845,Jayme,Leishman,jleishmanng@free.fr,Male,178.78.179.135,2021/11/28,Sentra,2D4JN1AG0BR179627,1993
846,Andras,Gerin,agerinnh@creativecommons.org,Male,107.19.194.150,2021/05/15,3 Series,1N6AD0CW4EN105012,1996
847,Berkly,Sitwell,bsitwellni@disqus.com,Male,96.73.40.5,2021/07/13,F430,1FTWW3DY6AE151274,2008
848,Randolf,Jedrzejczak,rjedrzejczaknj@ibm.com,Male,,2014/03/10,,WBAVM5C51EV733082,
849,Gracia,Guillet,gguilletnk@soup.io,Female,,2013/04/25,Diablo,KNAGM4AD4D5555437,1993
850,Con,Nafziger,cnafzigernl@drupal.org,Non-binary,219.226.232.81,2005/04/30,Concorde,WP0AB2A97AS733157,1995
851,Charles,Brothwood,cbrothwoodnm@telegraph.co.uk,Male,,2012/08/10,,2C3CDXBG3EH525226,1995
852,Florri,Furtado,ffurtadonn@g.co,Female,,2006/03/21,Phantom,SALVE2BG7FH510958,2013
853,Aigneis,Narracott,anarracottno@europa.eu,Female,184.118.245.244,2016/09/25,Express 2500,WVGAV7AX2AW304189,2011
854,Tate,Bradbury,tbradburynp@latimes.com,Male,121.4.106.229,2012/02/25,,1FTWX3B56AE249114,2007
855,Kimbra,Brownsell,kbrownsellnq@wikimedia.org,Female,10.198.187.19,2022/08/24,Canyon,5GAKVCKD5FJ041224,2012
856,Valry,Cossentine,vcossentinenr@zimbio.com,Female,,2015/08/12,Navigator,KNAFU5A24B5374528,
857,Gal,Spurden,gspurdenns@yandex.ru,Male,8.3.56.252,2014/04/14,,2HNYD2H64DH864637,2009
858,Archy,Flucker,afluckernt@mediafire.com,Male,162.131.130.97,2013/06/07,,2G4GT5GV8C9501308,1996
859,Thurstan,Irce,tircenu@census.gov,Male,17.125.191.16,2021/04/22,Silverado 3500,2FMDK4AC7AB235497,2004
860,Caesar,Brownhall,cbrownhallnv@nasa.gov,Genderfluid,55.181.222.36,2005/10/15,Prius,3C3CFFAR5CT720546,
861,Bibi,Doles,bdolesnw@twitter.com,Female,,2005/05/22,,WAUVC58E83A606975,1992
862,Melamie,Risebarer,mrisebarernx@harvard.edu,Female,1.3.89.59,2009/09/06,,WBAPT7C59AC725745,1997
863,Trent,Cassely,tcasselyny@nyu.edu,Male,144.187.33.64,2017/02/21,,3CZRE3H30BG960064,2000
864,Abigael,Varran,avarrannz@tmall.com,Female,,2013/08/01,,5XYZT3LBXFG313668,1993
865,Bronny,Lomen,blomeno0@theatlantic.com,Male,92.207.238.91,2018/11/16,Cougar,1D4SE6GT4BC008796,1970
866,Merridie,Czaple,mczapleo1@goo.ne.jp,Female,120.196.54.71,2019/03/24,,1C3ADEBZ6DV124899,2012
867,Yoshiko,Hiorn,yhiorno2@weather.com,Female,19.183.216.147,2013/06/15,,3FA6P0LU3FR176060,2002
868,Junie,Wurz,jwurzo3@chron.com,Female,103.154.170.84,2015/03/17,Escalade,WP1AA2APXAL754379,
869,Trueman,Fox,,Male,,2011/03/22,S-Series,1GD02XEG2FZ437409,1997
870,Mignonne,Shilton,mshiltono5@wp.com,Non-binary,104.158.195.5,2011/05/29,E-Series,1G4GF5G38DF015600,
871,Bradly,Feuell,bfeuello6@hao123.com,Male,94.151.52.75,2011/05/19,Forenza,WAUKF98E68A004360,2007
872,Bern,Tunbridge,btunbridgeo7@ifeng.com,Male,34.187.160.118,2004/03/27,,JH4DC54882C102409,1998
873,Cassandra,Kerfut,ckerfuto8@sohu.com,Female,38.119.114.218,2005/06/08,Solara,2T2BK1BA6FC480926,1999
874,Lenee,Petrishchev,lpetrishchevo9@washingtonpost.com,Female,224.150.88.174,2012/09/14,,YV4852CZ9B1586539,2000
875,Fabio,Hulland,fhullandoa@edublogs.org,Male,107.10.147.131,2022/01/27,,WVGEP9BPXFD388352,1995
876,Teresina,Cunradi,tcunradiob@theatlantic.com,Female,110.254.239.59,2011/06/09,Grand Vitara,1D7RW3BK2BS892853,2005
877,Tremain,Balmforth,tbalmforthoc@nature.com,Male,213.178.182.38,2020/09/08,,SCBLF44J08C951527,1995
878,Bessie,Benoy,bbenoyod@bandcamp.com,Female,184.64.21.227,2018/02/11,Astro,WBAAZ33414K161409,1999
879,Winonah,Apthorpe,wapthorpeoe@cdbaby.com,Female,3.122.56.146,2012/03/13,,1FTEW1CM7CF888494,1999
880,Yolane,Purry,ypurryof@prnewswire.com,Genderqueer,47.5.202.207,2022/05/01,Samurai,3C3CFFCR0CT087211,1995
881,Janessa,Alves,,Female,,2003/12/21,,WAUWFAFLXBA086475,2005
882,Adler,Hrinchishin,ahrinchishinoh@miitbeian.gov.cn,Genderqueer,124.229.25.100,2006/01/19,Camaro,WDBSK7AA0BF304236,1970
883,August,Carmen,acarmenoi@gmpg.org,Male,156.216.23.229,2011/06/29,C-Class,1G6AG5RXXE0290867,1998
884,Di,Yarham,dyarhamoj@state.tx.us,Female,53.167.209.68,2011/06/01,S6,WAUJ2AFD5FN503367,
885,Lorne,Hannigan,lhanniganok@macromedia.com,Female,,2023/07/24,Equator,SALVE2BG7FH166936,2010
886,Cilka,Garaway,cgarawayol@naver.com,Female,198.169.114.247,2011/02/03,,JA32U2FU3EU711936,2000
887,Bartie,Kellaway,bkellawayom@about.com,Male,128.207.89.137,2010/05/28,C-Class,1G6KE57Y12U286832,1997
888,Lutero,Hadwen,lhadwenon@pinterest.com,Male,118.37.119.172,2003/08/10,,WAUR2AFD5DN010658,1970
889,Elmore,McKnish,emcknishoo@shinystat.com,Male,115.21.135.166,2004/01/06,Camry Hybrid,SCFKDCEP5EG460517,2010
890,Nealon,Ealam,nealamop@ameblo.jp,Male,80.147.232.184,2013/12/13,MKX,KNALU4D4XF6365343,2007
891,Otes,Feehily,ofeehilyoq@bluehost.com,Male,52.181.226.160,2018/04/16,Ram 2500,WUARU78E47N914983,2008
892,Delmore,Fautly,dfautlyor@amazon.de,Male,28.66.96.76,2020/03/13,,WAUAC48H95K769974,
893,Melantha,Fanthom,mfanthomos@ed.gov,Female,146.190.157.220,2017/01/12,,SCFFDEDN6CG422692,2001
894,Wilie,Kneller,,Female,250.72.212.131,2020/07/10,,3N1AB6AP5AL085311,2007
895,Gena,Grattan,ggrattanou@trellian.com,Female,212.12.184.185,2019/04/16,Lumina,WBABN33452P320724,1993
896,Kori,Dufour,kdufourov@woothemes.com,Genderqueer,59.217.58.215,2013/11/04,,WBADR63413G386980,1998
897,Bryant,Joinsey,bjoinseyow@ifeng.com,Male,108.213.110.148,2023/09/24,,2FMHK6DC3AB844899,2005
898,My,Webster,,Male,53.207.155.121,2015/04/20,E350,WBAWV5C54AP675484,2005
899,Winnah,Rosebotham,wrosebothamoy@elpais.com,Agender,61.135.230.176,2023/12/04,,JTEBU5JR5E5707656,2003
900,Tallia,Roumier,troumieroz@ustream.tv,Female,,2015/08/25,,WBAUP9C52AV292759,2012
901,Freddy,Pickless,fpicklessp0@usda.gov,Female,50.218.189.19,2014/10/05,,WAUML64B63N498569,1993
902,Clementia,Vaney,cvaneyp1@examiner.com,Female,78.177.203.90,2023/08/05,,WBAYM9C59DD120331,2009
903,Clayson,Royden,,Male,,2015/06/30,Silverado 3500,1G4GC5G33FF766051,2005
904,Daveta,Hulke,,Female,147.28.219.6,2005/12/14,Quattroporte,1GTPCTEX2AZ961421,2010
905,Feodor,Bum,fbump4@infoseek.co.jp,Male,249.246.178.174,2010/01/03,,1FTWW3DY2AE200499,1998
906,Regina,Allday,ralldayp5@bloglines.com,Female,186.209.72.122,2009/10/05,Mirage,3N1AB6AP1CL727414,1992
907,Annemarie,Currell,acurrellp6@free.fr,Female,142.35.85.243,2005/05/11,Lancer Evolution,2HNYD2H23CH573266,2008
908,Ashley,Forster,aforsterp7@delicious.com,Male,30.121.106.20,2006/04/25,Prelude,2T1BPRHE8FC713364,1998
909,Russell,Armitt,rarmittp8@dion.ne.jp,Male,157.238.114.139,2013/12/14,,2FMGK5C89FB547730,
910,Kasper,Duggen,kduggenp9@domainmarket.com,Male,81.91.64.7,2019/02/02,Freelander,2C3CA6CT2AH497153,
911,Jonathon,Local,,Male,120.43.98.59,2022/01/29,Frontier,WVWAP7AN5DE857040,1998
912,Bondy,Jobes,bjobespb@gov.uk,Male,246.11.202.67,2006/04/06,,YV4902DZ5C2770308,2004
913,Dasha,Jiran,djiranpc@bandcamp.com,Female,170.205.101.9,2004/10/09,,137FA90381E018274,2000
914,Samantha,Sprull,ssprullpd@unc.edu,Female,138.190.234.40,2009/06/07,,WDDLJ6FB1FA480838,2000
915,Hanny,Atkins,hatkinspe@shop-pro.jp,Female,66.33.255.16,2005/07/22,,KMHTC6AD6DU757231,2012
916,Frederik,Shuttell,fshuttellpf@amazon.com,Bigender,226.13.60.22,2009/05/11,Grand Marquis,3C4PDCGB2ET994334,2006
917,Graehme,O'Cannan,gocannanpg@creativecommons.org,Male,,2023/11/23,TL,WAUDH48H77K653027,2010
918,Darci,Duggon,dduggonph@webmd.com,Female,106.233.205.54,2019/11/25,,SCBGU3ZA1EC368440,2007
919,Lilia,Spadaro,lspadaropi@umich.edu,Female,,2020/04/23,CT,WBAPT73508C358258,2011
920,Erwin,Whistlecroft,ewhistlecroftpj@histats.com,Male,207.6.188.243,2008/07/09,S-Series,WAUMGAFL5BA144707,1998
921,Alexandr,Verbeek,averbeekpk@altervista.org,Male,177.201.47.34,2015/05/03,CX-9,1FMJK1H52EE460011,2010
922,Marijo,holmes,mholmespl@huffingtonpost.com,Female,214.41.141.196,2023/03/11,Sierra,WAUKGAFBXAN502812,2010
923,Myrlene,Whittier,mwhittierpm@mashable.com,Female,196.25.178.177,2004/06/23,,1GYS4HEF2BR280022,1997
924,Lamond,Alastair,lalastairpn@cargocollective.com,Male,7.204.127.95,2016/11/03,,5FRYD3H20GB325188,1997
925,Rosco,Easterfield,reasterfieldpo@com.com,Male,8.105.204.185,2020/01/06,,5UXFE83579L821480,2008
926,Binni,Caistor,bcaistorpp@bizjournals.com,Female,138.231.95.81,2013/03/22,,WBA6A0C53DD473689,2006
927,Griffith,Fowls,gfowlspq@aboutads.info,Male,,2006/10/30,,WBAPN7C50BA402966,2010
928,Paul,Filipyev,pfilipyevpr@lulu.com,Male,,2010/05/19,,WAUEFAFLXBN698762,2013
929,Ferne,Keson,,Female,141.140.180.230,2018/03/25,S8,WVGAV3AX6EW063719,2006
930,Ashleigh,Higbin,ahigbinpt@seesaa.net,Female,,2008/09/09,Topaz,SCBDC47L08C518719,1986
931,Launce,Baxendale,lbaxendalepu@hp.com,Male,,2017/06/16,,1N4AA5AP4AC969509,2011
932,Omar,Boyack,oboyackpv@pinterest.com,Male,74.93.2.68,2021/10/28,Ram 2500,WBALL5C51EJ421457,2009
933,Merry,Habbijam,mhabbijampw@ihg.com,Female,99.152.193.98,2020/08/21,,1FTEW1C80AK978108,2005
934,Mitch,Le Grice,mlegricepx@wisc.edu,Male,209.94.8.23,2020/05/22,Intrepid,WVWED7AJXBW075069,1995
935,Gussy,Callcott,gcallcottpy@posterous.com,Female,214.184.224.161,2021/06/29,,WBAUC9C57CV444839,2005
936,Patric,Millington,pmillingtonpz@cbsnews.com,Male,32.97.243.150,2005/03/10,,JH4KC1F32EC951778,2007
937,Tamiko,Gerge,,Female,224.57.50.112,2003/08/30,,5FRYD4H9XGB853565,2010
938,Lucilia,Duguid,lduguidq1@weibo.com,Female,,2011/04/23,,WAUFEBFM8CA532786,1989
939,Oralia,Wintour,owintourq2@dedecms.com,Female,15.222.206.225,2011/02/26,Jetta,YV4952CF0C1874557,2006
940,Frieda,Mutton,fmuttonq3@howstuffworks.com,Female,94.107.61.238,2009/03/03,F250,1YVHZ8BH5D5987644,2000
941,Gordon,Mullender,gmullenderq4@sourceforge.net,Male,118.248.120.64,2023/01/09,,WAUVT54BX2N332956,2012
942,Staford,Iannini,sianniniq5@prweb.com,Male,,2019/10/16,,2T2BK1BA7EC599583,1994
943,Germana,Corss,gcorssq6@epa.gov,Female,45.62.63.24,2020/03/23,Grand Am,SCBCU8ZA5AC909723,2003
944,Chick,Butchard,cbutchardq7@indiegogo.com,Male,151.112.33.251,2016/01/19,,WP1AA2APXAL827721,1999
945,Zebadiah,Scritch,zscritchq8@oracle.com,Male,43.162.20.166,2019/05/02,Savana 2500,5N1AR2MM2FC575559,2010
946,Mortie,Burtwell,mburtwellq9@desdev.cn,Male,141.188.73.225,2012/12/02,Savana,WBA3F9C57FK490891,2011
947,Megen,Damp,mdampqa@reddit.com,Female,205.88.251.2,2006/06/10,,WBA5A7C5XED227454,2002
948,Mendy,Krystek,mkrystekqb@wordpress.com,Male,92.160.233.171,2011/02/22,New Beetle,JN8AZ2KR8AT122000,1999
949,Matt,Billiard,mbilliardqc@typepad.com,Male,36.68.105.64,2004/07/10,XLR,19UUA65575A206554,2009
950,Barbra,Macellar,bmacellarqd@drupal.org,Female,,2023/02/12,,SAJWA4DC9BM476103,1996
951,Hagan,Muckle,,Male,61.57.178.101,2013/02/07,VehiCROSS,1G4GC5GC4BF844377,2000
952,Betteanne,Dymick,bdymickqf@adobe.com,Bigender,,2015/12/04,2500,1C4RDHEG1CC163436,1996
953,Nathanil,Skouling,nskoulingqg@vkontakte.ru,Male,129.223.70.141,2011/06/10,Continental GTC,WAU4FBFL2CA241518,2008
954,Carly,MacBean,cmacbeanqh@zdnet.com,Male,36.126.219.153,2015/03/10,Fox,137ZA90301E527028,1989
955,Regen,Lehon,rlehonqi@jigsy.com,Male,122.187.6.191,2012/10/17,Cube,1G4CW54K324822285,2011
956,Leona,Tugwell,ltugwellqj@gravatar.com,Female,23.157.39.66,2020/05/23,Savana 2500,1FTMF1CW4AK712682,2005
957,Aliza,Bruyntjes,abruyntjesqk@wsj.com,Female,54.189.252.247,2003/04/08,,2B3CA9CV9AH440867,1999
958,Gaultiero,Andersen,gandersenql@friendfeed.com,Male,192.188.193.51,2022/04/12,,19UUA8F76DA122364,2006
959,Josepha,Ruppert,jruppertqm@surveymonkey.com,Female,8.80.132.22,2019/06/17,Highlander,JTEBU5JR1E5896161,2012
960,Ursala,Monni,umonniqn@google.com.br,Female,241.10.12.192,2015/11/28,Tacoma Xtra,KM8JT3AB2BU346927,2004
961,Parke,People,ppeopleqo@globo.com,Male,29.162.33.168,2010/01/12,Cayman,SCBLF34F05C140859,2009
962,Arte,Merrison,amerrisonqp@qq.com,Male,93.226.136.73,2014/07/26,Elan,WAUHGBFC7EN224871,
963,Cherrita,Elflain,celflainqq@patch.com,Female,208.137.36.73,2022/11/08,Sequoia,WA1VMBFE0BD224402,2006
964,Sandi,Stickley,sstickleyqr@icio.us,Female,172.13.54.47,2011/04/05,Murano,WAULT58E42A405676,2007
965,Johnnie,Olver,jolverqs@plala.or.jp,Male,176.109.39.128,2010/06/28,,WDDEJ9EB6DA478558,1995
966,Tracie,Franz,tfranzqt@marketwatch.com,Male,204.95.83.77,2010/07/07,,WBA4A5C50FG224501,2006
967,Annnora,Beake,abeakequ@webeden.co.uk,Female,188.106.197.169,2006/09/03,,JN8AZ2NE7F9270846,1954
968,Catherin,Hartzogs,chartzogsqv@myspace.com,Female,1.196.170.218,2010/06/15,,3N1CN7AP1EL352133,2008
969,Arv,Carlill,acarlillqw@pagesperso-orange.fr,Male,161.114.82.28,2003/08/12,,1D7RW2GK1AS519742,2006
970,Ezri,Flaune,eflauneqx@goo.ne.jp,Male,43.60.30.79,2011/04/09,B-Series Plus,JH4CU4F62CC617079,1998
971,Martina,Barltrop,mbarltropqy@t.co,Female,246.131.242.29,2010/04/07,A6,WAUKF98EX8A287023,1999
972,Patrice,Richard,prichardqz@scientificamerican.com,Male,244.113.189.78,2007/10/18,,SALGR2VF7FA296241,2006
973,Hannah,Klaassens,hklaassensr0@wisc.edu,Female,111.19.243.146,2022/05/08,,2G4GU5GC5B9536494,
974,Raine,Hards,rhardsr1@ft.com,Female,67.94.202.219,2005/10/11,HED-5,1G6DL8EV2A0827398,2012
975,Marcel,Natalie,mnatalier2@toplist.cz,Male,117.243.168.241,2007/06/19,,2G4WD552461337348,
976,Jaquelin,Heak,jheakr3@google.com,Genderfluid,183.33.25.152,2004/06/15,,SCBZB25EX2C794916,2005
977,Clarke,Brightey,cbrighteyr4@deviantart.com,Male,,2020/03/29,,1G6AH1RX1F0625098,2011
978,Joye,Figgess,jfiggessr5@fotki.com,Female,,2014/12/28,,1N6AD0CU2CC801083,1996
979,Blondy,Gosnold,bgosnoldr6@tinypic.com,Female,,2014/07/03,,JM1GJ1T57E1199915,2003
980,Kasper,Sandcroft,ksandcroftr7@amazon.de,Male,251.87.104.129,2022/06/08,Titan,JTEBC3EH3C2087235,2011
981,Dosi,Clench,dclenchr8@yolasite.com,Genderfluid,205.122.170.201,2008/04/03,,1ZVBP8AM7E5711142,2007
982,Martin,Leap,mleapr9@google.ru,Male,,2005/04/25,Skyhawk,WAUDF98E28A762608,1988
983,Orlando,Harrowing,oharrowingra@rediff.com,Male,90.179.118.179,2013/03/31,Reno,5FRYD3H90GB078560,2006
984,Con,Boothroyd,cboothroydrb@wordpress.org,Female,213.47.171.125,2020/03/13,Explorer,WA1LMAFE7AD687833,2004
985,Karil,Verissimo,kverissimorc@themeforest.net,Polygender,,2003/07/27,S6,WA1WGAFPXEA112848,1995
986,Cirstoforo,Culham,cculhamrd@yellowbook.com,Male,,2018/11/02,RX-8,1GYUCAEF1AR157264,
987,Taddeusz,Noonan,tnoonanre@vk.com,Male,,2022/07/15,GTI,3D73M4CL5BG346208,2012
988,Babara,Haffard,bhaffardrf@php.net,Female,,2019/11/16,Savana 1500,JN8AS1MU1BM206381,1998
989,Laura,Van Brug,lvanbrugrg@weibo.com,Female,66.121.108.221,2004/11/08,Maxima,4T1BD1EB9FU411410,1990
990,Adan,Elgram,aelgramrh@twitter.com,Male,141.59.119.48,2020/03/21,Mustang,WBA3D5C55EF848611,1988
991,Anatola,Fearnsides,afearnsidesri@census.gov,Female,247.69.173.18,2013/05/29,Axiom,3D7JB1EP3AG520769,2002
992,Stinky,Antoniat,santoniatrj@soundcloud.com,Male,246.72.196.102,2012/01/12,IS F,1GYS4AKJ0FR778855,2011
993,Hallie,Acreman,hacremanrk@gravatar.com,Female,,2021/04/09,Caravan,KNAFU6A28C5541982,1993
994,Fairlie,Dregan,fdreganrl@bbb.org,Male,194.80.21.203,2010/01/11,H3,WBA6A0C57ED006969,2010
995,Marjie,Verralls,mverrallsrm@boston.com,Female,190.74.48.79,2003/08/15,Grand Marquis,4A31K3DT4AE923166,1996
996,Gualterio,Cripps,gcrippsrn@a8.net,Male,139.184.89.97,2014/12/21,,5GADV23W37D432617,1989
997,Alane,Jezzard,ajezzardro@reverbnation.com,Female,,2013/11/21,,3MZBM1U76EM799245,
998,Fayre,Moar,fmoarrp@shareasale.com,Female,,2007/03/10,Suburban 2500,3D73Y4CLXBG450519,2008
999,Cassie,Pendleberry,cpendleberryrq@sourceforge.net,Female,,2023/07/29,Galant,WA1CMAFP9EA358169,1988
1000,Matthieu,Cogdell,mcogdellrr@gov.uk,Male,78.199.137.32,2009/12/20,,1G6KE54Y44U959958,2012
